,V1,
1,0,721
2,0,883
3,0,932
4,0,969
5,0,3
6,0,3106
7,0,3182
8,0,3805
9,0,3817
10,0,4101
11,0,441
12,0,4481
13,0,4963
14,0,5648
15,0,5692
16,0,5837
17,0,606
18,0,6131
19,0,6544
20,0,6643
21,0,689
22,0,7205
23,0,7528
24,0,7602
25,0,829
26,0,8323
27,0,8372
28,0,8634
29,0,9043
30,0,9067
31,1,424
32,1,634
33,1,3973
34,1,4602
35,1,5708
36,1,5726
37,1,7004
38,1,7828
39,1,8145
40,1,8279
41,1,9641
42,1,9659
43,2,272
44,2,43
45,2,47
46,2,986
47,2,1297
48,2,5164
49,2,5757
50,2,577
51,2,6135
52,2,8017
53,2,8071
54,2,837
55,2,884
56,2,9002
57,3,13
58,3,175
59,3,375
60,3,1113
61,3,1959
62,3,6707
63,3,6886
64,3,8888
65,3,9826
66,4,688
67,4,2104
68,4,3255
69,4,3915
70,4,5004
71,4,6325
72,4,6475
73,4,7854
74,4,9568
75,5,2089
76,5,4294
77,5,6733
78,5,8216
79,5,8829
80,5,9046
81,5,9141
82,5,9456
83,6,39
84,6,79
85,6,467
86,6,622
87,6,952
88,6,1055
89,6,2386
90,6,2759
91,6,2788
92,6,2978
93,6,3126
94,6,3231
95,6,3292
96,6,335
97,6,3376
98,6,3683
99,6,3715
100,6,373
101,6,4326
102,6,4384
103,6,887
104,6,9616
105,7,8437
106,7,8549
107,7,974
108,8,495
109,8,54
110,8,567
111,8,1134
112,8,1306
113,8,1465
114,8,1979
115,8,2262
116,8,2473
117,8,2842
118,8,3089
119,8,3812
120,8,4019
121,8,482
122,8,6891
123,8,7736
124,8,895
125,9,611
126,9,2115
127,9,3004
128,9,3979
129,9,4919
130,9,521
131,9,6189
132,9,6947
133,9,9869
134,10,4538
135,10,5666
136,10,6522
137,10,661
138,10,7297
139,11,1055
140,11,4375
141,11,476
142,11,5984
143,11,7392
144,11,9272
145,11,9751
146,11,9795
147,12,3705
148,12,3886
149,12,5016
150,12,7339
151,12,9675
152,13,67
153,13,333
154,13,533
155,13,2518
156,13,3089
157,13,4842
158,13,519
159,13,5437
160,13,552
161,13,6013
162,13,6132
163,13,6167
164,13,6191
165,14,659
166,14,977
167,14,1184
168,14,1551
169,14,1566
170,14,1579
171,14,1832
172,14,1957
173,14,2028
174,14,4462
175,14,4641
176,14,7173
177,15,1056
178,15,1725
179,15,7832
180,15,917
181,16,1356
182,16,2912
183,16,3908
184,16,4828
185,16,5024
186,16,5538
187,16,6255
188,16,6878
189,16,7412
190,16,9621
191,17,434
192,17,914
193,17,93
194,17,1394
195,17,1896
196,17,2584
197,17,2744
198,17,3043
199,17,3108
200,17,3365
201,17,3726
202,17,3768
203,17,388
204,17,4043
205,17,7025
206,17,7199
207,17,8166
208,17,8868
209,17,904
210,17,9062
211,17,935
212,17,9846
213,18,235
214,18,504
215,18,937
216,18,1065
217,18,1365
218,18,1393
219,18,141
220,18,143
221,18,1464
222,18,1806
223,18,2095
224,18,2571
225,18,3377
226,18,4067
227,18,4457
228,18,454
229,18,9939
230,19,172
231,19,298
232,19,662
233,19,1134
234,19,1446
235,19,2292
236,19,2355
237,19,2481
238,19,2653
239,19,269
240,19,4018
241,19,4792
242,19,6372
243,19,8351
244,19,8705
245,19,9418
246,20,2058
247,20,2182
248,20,257
249,20,2799
250,20,3039
251,20,3676
252,20,3973
253,20,4312
254,20,4745
255,20,5232
256,20,5255
257,20,5505
258,20,5528
259,20,5555
260,20,6643
261,20,744
262,20,7498
263,20,8264
264,20,8462
265,20,8503
266,21,1531
267,21,1717
268,21,3355
269,21,4332
270,21,4596
271,21,5264
272,21,5396
273,21,5488
274,21,5702
275,21,6
276,21,7621
277,22,1193
278,22,2047
279,22,206
280,22,3633
281,22,5336
282,23,5067
283,23,5658
284,23,6373
285,23,6398
286,23,7717
287,24,1036
288,24,1105
289,24,1705
290,24,1968
291,24,2037
292,24,4568
293,24,4826
294,24,4883
295,24,5158
296,24,6002
297,24,6399
298,24,7583
299,24,8925
300,25,4185
301,25,4797
302,25,5721
303,25,7163
304,25,8405
305,25,9073
306,25,9085
307,25,9151
308,25,9281
309,25,9677
310,25,9872
311,25,9984
312,26,
313,26,79
314,26,36
315,26,447
316,26,671
317,26,7
318,26,797
319,26,828
320,26,864
321,26,1838
322,26,2011
323,26,2044
324,26,42
325,26,5371
326,26,5728
327,26,5987
328,26,6291
329,26,7238
330,26,8079
331,26,8446
332,26,8502
333,26,8652
334,26,9485
335,26,9705
336,26,986
337,27,1
338,27,1457
339,27,1763
340,27,1836
341,27,2388
342,27,3381
343,27,4011
344,27,4529
345,27,7862
346,27,8066
347,27,8111
348,27,8379
349,27,9003
350,27,9829
351,28,8
352,28,516
353,28,699
354,28,1103
355,28,121
356,28,1334
357,28,1444
358,28,1482
359,28,3944
360,28,4544
361,28,7398
362,28,8384
363,29,289
364,29,3306
365,29,3498
366,29,4033
367,29,4132
368,29,5193
369,29,5263
370,29,6573
371,29,6667
372,29,6687
373,29,6836
374,30,1258
375,30,1709
376,30,2039
377,30,2116
378,30,2873
379,30,2932
380,30,2983
381,30,3
382,30,3646
383,30,3723
384,30,3749
385,30,4036
386,31,1282
387,31,2863
388,31,8093
389,31,855
390,31,8623
391,31,9352
392,31,9973
393,32,2828
394,32,6694
395,32,7907
396,32,8096
397,32,8833
398,32,9192
399,33,252
400,33,2014
401,33,2994
402,33,3098
403,33,3114
404,33,3221
405,33,328
406,33,416
407,33,6569
408,33,8543
409,34,3158
410,34,3368
411,34,4098
412,34,4733
413,34,6915
414,34,7208
415,34,7419
416,34,7964
417,35,567
418,35,1053
419,35,1203
420,35,1275
421,35,138
422,35,3549
423,35,4795
424,35,6023
425,35,6164
426,35,6911
427,35,815
428,35,9028
429,36,331
430,36,956
431,36,2851
432,36,353
433,36,4272
434,36,7284
435,36,7726
436,36,9296
437,37,101
438,37,899
439,37,1038
440,37,1086
441,37,1241
442,37,1987
443,37,2116
444,37,4808
445,37,7193
446,37,807
447,37,937
448,37,9973
449,38,29
450,38,229
451,38,4174
452,38,7204
453,38,858
454,38,8741
455,38,8833
456,39,61
457,39,454
458,39,502
459,39,601
460,39,753
461,39,939
462,39,1359
463,39,141
464,39,476
465,39,506
466,39,5325
467,39,5448
468,39,5743
469,39,5886
470,39,658
471,39,6902
472,39,6924
473,39,7179
474,39,8756
475,39,9665
476,39,9926
477,39,9955
478,40,654
479,40,1121
480,40,2003
481,40,2166
482,40,6828
483,40,7442
484,40,7635
485,40,804
486,40,8486
487,40,9938
488,41,4198
489,41,4212
490,41,6884
491,42,1935
492,42,2231
493,42,2459
494,42,2828
495,42,2963
496,42,3077
497,42,4182
498,42,4682
499,42,5035
500,42,5512
501,42,5587
502,42,5804
503,42,7706
504,42,8775
505,42,9701
506,42,9818
507,42,9893
508,43,773
509,43,786
510,43,898
511,43,256
512,43,2639
513,43,4514
514,43,4932
515,43,7729
516,43,8148
517,43,8319
518,43,8661
519,43,8745
520,44,399
521,44,647
522,44,135
523,44,2667
524,44,7263
525,44,8314
526,44,8453
527,44,9002
528,44,9068
529,44,925
530,44,9737
531,45,2328
532,45,4118
533,45,5396
534,45,6162
535,45,7988
536,46,404
537,46,741
538,46,3516
539,46,3835
540,46,4537
541,46,4765
542,46,5451
543,46,5482
544,46,5763
545,46,6229
546,46,652
547,46,7578
548,46,7631
549,46,7877
550,46,9201
551,46,9294
552,47,265
553,47,1385
554,47,174
555,47,5498
556,47,5586
557,47,5947
558,47,7763
559,47,7912
560,47,8355
561,47,8471
562,47,8643
563,47,8714
564,47,8793
565,47,8975
566,48,61
567,48,81
568,48,218
569,48,1056
570,48,1288
571,48,1436
572,48,3429
573,48,3557
574,48,3589
575,48,3891
576,48,6045
577,48,6564
578,48,6594
579,48,665
580,48,703
581,48,7091
582,48,7244
583,48,7365
584,48,7601
585,48,7634
586,48,7689
587,48,7738
588,48,8056
589,48,8911
590,48,8955
591,48,9025
592,48,9723
593,48,9847
594,48,9877
595,48,9891
596,49,23
597,49,598
598,49,639
599,49,743
600,49,1148
601,49,1352
602,49,137
603,49,1445
604,49,1509
605,49,2051
606,49,2813
607,49,2898
608,49,3113
609,49,324
610,49,3571
611,49,3858
612,49,9974
613,50,4211
614,50,5833
615,50,6533
616,51,3612
617,51,7087
618,51,763
619,51,7955
620,51,8299
621,52,1637
622,52,1848
623,52,2126
624,52,2818
625,52,2916
626,52,304
627,52,3455
628,52,3499
629,52,9085
630,52,9224
631,52,947
632,52,9685
633,53,3588
634,53,4091
635,53,4105
636,53,4174
637,53,5743
638,53,7584
639,53,7985
640,53,8433
641,53,9892
642,54,41
643,54,1612
644,54,203
645,54,2915
646,54,3374
647,54,5023
648,54,519
649,54,6087
650,54,7249
651,55,182
652,55,367
653,55,4356
654,55,4948
655,55,5652
656,55,8059
657,55,8883
658,55,9095
659,55,9964
660,56,572
661,56,666
662,56,981
663,56,735
664,57,4258
665,57,9942
666,58,41
667,58,2008
668,58,3499
669,58,4884
670,58,5021
671,58,5178
672,58,5332
673,58,5582
674,58,5748
675,58,5859
676,58,589
677,58,6093
678,58,7015
679,58,7397
680,58,7521
681,58,7545
682,58,773
683,58,776
684,58,7968
685,58,7986
686,58,8121
687,58,9538
688,59,821
689,59,2749
690,59,3696
691,59,397
692,59,4953
693,59,5984
694,59,6868
695,59,7336
696,59,7811
697,60,1587
698,60,2158
699,60,2623
700,60,286
701,60,2894
702,60,3073
703,60,3335
704,60,338
705,60,4359
706,60,5001
707,60,6611
708,60,7117
709,60,7462
710,60,7523
711,60,931
712,61,103
713,61,186
714,61,1032
715,61,1412
716,61,3658
717,61,5561
718,61,7529
719,62,2581
720,62,3451
721,62,3638
722,62,443
723,62,4625
724,62,4714
725,62,8033
726,63,63
727,63,1033
728,63,1133
729,63,1174
730,63,2423
731,63,3172
732,63,3658
733,63,4097
734,63,4754
735,63,607
736,63,6482
737,63,7673
738,63,8249
739,63,9629
740,64,6032
741,64,6116
742,64,6563
743,64,7143
744,64,9748
745,65,1603
746,65,4047
747,65,4094
748,65,5075
749,65,534
750,65,5439
751,65,6399
752,65,6433
753,65,6822
754,65,6955
755,65,7292
756,66,998
757,66,1347
758,66,1624
759,66,1708
760,66,1914
761,66,2104
762,66,2415
763,66,2555
764,66,2899
765,66,3567
766,66,4212
767,66,5046
768,66,5081
769,66,5716
770,66,5826
771,66,6055
772,66,616
773,66,8212
774,66,8387
775,66,8918
776,66,8977
777,66,9162
778,66,9267
779,66,9452
780,67,3862
781,67,4588
782,67,8072
783,67,9045
784,67,9115
785,67,9341
786,68,46
787,68,1357
788,68,14
789,68,2582
790,68,5957
791,68,7096
792,68,7536
793,68,8382
794,68,9724
795,69,214
796,69,256
797,69,426
798,69,1556
799,69,2214
800,69,3195
801,69,3526
802,69,3769
803,69,7106
804,69,7597
805,69,779
806,69,7872
807,69,7905
808,69,8123
809,69,8924
810,69,9216
811,70,5715
812,70,8644
813,70,9174
814,70,9373
815,70,9502
816,71,1076
817,71,1439
818,71,1539
819,71,1726
820,71,1935
821,71,2058
822,71,2746
823,71,2783
824,71,2808
825,71,2822
826,71,3131
827,71,4012
828,71,6666
829,71,7581
830,72,4
831,72,284
832,72,1496
833,72,2048
834,72,2139
835,72,2809
836,72,2837
837,72,2854
838,72,3011
839,72,3025
840,72,4503
841,72,5383
842,72,551
843,72,5884
844,72,6728
845,72,7144
846,72,7791
847,72,8096
848,73,2452
849,73,2698
850,73,3236
851,73,3311
852,73,3575
853,73,4304
854,73,4337
855,73,452
856,73,4651
857,73,6105
858,73,6757
859,73,7159
860,73,7382
861,74,1483
862,74,1644
863,74,2166
864,74,2285
865,74,252
866,74,2537
867,74,2718
868,74,3721
869,74,3797
870,74,3813
871,74,4077
872,74,4346
873,74,4361
874,74,4391
875,74,4404
876,74,4493
877,74,5289
878,74,5615
879,74,7422
880,74,9292
881,74,9826
882,75,98
883,75,556
884,75,666
885,75,1362
886,75,1466
887,75,1517
888,75,1596
889,75,1812
890,75,1881
891,75,743
892,75,8634
893,75,9453
894,76,247
895,76,5176
896,76,7565
897,76,7925
898,77,605
899,77,2575
900,77,2731
901,77,3983
902,77,4495
903,77,5027
904,77,5819
905,77,7205
906,77,7396
907,77,9734
908,78,639
909,78,1009
910,78,1156
911,78,1187
912,78,1471
913,78,2693
914,78,3632
915,78,4052
916,78,4197
917,78,5693
918,78,571
919,78,5922
920,78,624
921,78,6718
922,78,6944
923,78,8737
924,78,9233
925,78,9975
926,79,371
927,79,427
928,79,1086
929,79,2064
930,79,2767
931,79,463
932,79,7179
933,79,7346
934,80,2651
935,80,3024
936,80,8892
937,80,9261
938,80,9531
939,80,9759
940,81,363
941,81,1582
942,81,1867
943,81,1903
944,81,2482
945,81,3281
946,81,4776
947,81,9049
948,82,112
949,82,1396
950,82,1794
951,82,2171
952,82,3651
953,82,381
954,82,4233
955,82,4739
956,82,546
957,82,8011
958,83,123
959,83,552
960,83,831
961,83,1006
962,84,452
963,84,122
964,84,1334
965,84,1379
966,84,1486
967,84,2174
968,84,2775
969,84,3392
970,84,3719
971,84,421
972,84,5516
973,84,5886
974,84,7307
975,84,7373
976,84,7756
977,85,3602
978,85,4871
979,85,5629
980,85,5932
981,85,6228
982,85,6254
983,85,629
984,85,6322
985,85,6439
986,86,2434
987,86,397
988,86,413
989,86,4191
990,86,4509
991,86,4535
992,86,7337
993,86,7496
994,86,8817
995,86,913
996,86,9231
997,87,6431
998,87,6775
999,87,7768
1000,87,8716
1001,87,9803
1002,88,869
1003,88,1259
1004,88,139
1005,88,1728
1006,88,185
1007,88,3707
1008,88,4926
1009,88,5166
1010,88,5586
1011,88,7571
1012,89,2577
1013,89,2751
1014,89,2796
1015,89,2836
1016,89,3341
1017,89,3398
1018,89,3415
1019,89,3598
1020,89,3811
1021,89,4585
1022,89,4819
1023,89,4981
1024,89,5146
1025,89,527
1026,89,5457
1027,89,6385
1028,89,7225
1029,89,8098
1030,90,1846
1031,90,2118
1032,90,2566
1033,90,3618
1034,90,4917
1035,90,7438
1036,90,9653
1037,91,323
1038,91,1535
1039,91,1845
1040,91,4158
1041,91,5069
1042,91,9901
1043,92,1115
1044,92,1173
1045,92,2034
1046,92,2796
1047,92,3331
1048,92,8301
1049,93,472
1050,93,1239
1051,93,2574
1052,93,2746
1053,93,3076
1054,93,373
1055,93,4405
1056,93,4635
1057,93,5089
1058,93,5516
1059,93,57
1060,93,6188
1061,93,7276
1062,93,729
1063,94,1762
1064,94,317
1065,94,3972
1066,94,4244
1067,94,5124
1068,94,5491
1069,94,5984
1070,94,6475
1071,94,791
1072,95,893
1073,95,2098
1074,95,4743
1075,95,5733
1076,95,6328
1077,95,7616
1078,95,7946
1079,96,242
1080,96,505
1081,96,901
1082,96,8021
1083,96,859
1084,96,9807
1085,97,917
1086,97,1085
1087,97,1109
1088,97,1956
1089,97,3086
1090,97,3315
1091,97,358
1092,97,3701
1093,97,3832
1094,97,4338
1095,97,4368
1096,97,5685
1097,97,57
1098,97,9192
1099,97,9304
1100,97,9893
1101,98,19
1102,98,212
1103,98,1336
1104,98,1432
1105,98,1853
1106,98,2384
1107,98,507
1108,98,7863
1109,98,7953
1110,98,8422
1111,98,8793
1112,98,8901
1113,98,8952
1114,98,8969
1115,98,9501
1116,98,9792
1117,99,1189
1118,99,2377
1119,99,6427
1120,99,7713
1121,99,7924
1122,99,8257
1123,99,8352
1124,99,8554
1125,99,8652
1126,99,8672
1127,99,9111
1128,99,9317
1129,99,9943
1130,100,276
1131,100,997
1132,100,1424
1133,100,2137
1134,100,3527
1135,100,404
1136,100,452
1137,100,8178
1138,101,3571
1139,101,4062
1140,101,5353
1141,101,7876
1142,101,8297
1143,101,9182
1144,102,305
1145,102,1983
1146,102,2321
1147,102,2772
1148,102,3702
1149,102,5063
1150,102,9389
1151,102,9872
1152,103,2123
1153,103,3603
1154,103,4239
1155,103,6374
1156,103,651
1157,103,9868
1158,104,56
1159,104,545
1160,104,1004
1161,104,179
1162,104,1821
1163,104,2
1164,104,7105
1165,104,7623
1166,104,8018
1167,104,9186
1168,104,92
1169,104,9861
1170,105,3049
1171,105,4076
1172,105,4103
1173,105,4134
1174,105,4473
1175,105,4852
1176,105,4906
1177,105,4939
1178,105,4964
1179,105,4998
1180,105,5078
1181,105,5135
1182,105,5248
1183,105,5443
1184,105,5518
1185,105,5664
1186,105,5885
1187,105,8774
1188,105,8974
1189,105,9739
1190,106,63
1191,106,186
1192,106,33
1193,106,567
1194,106,1136
1195,106,1277
1196,106,2924
1197,106,3265
1198,106,3672
1199,106,3911
1200,106,4445
1201,106,4563
1202,106,4642
1203,106,5202
1204,106,5372
1205,106,5469
1206,106,5722
1207,106,6153
1208,106,6614
1209,106,6703
1210,107,2547
1211,107,8572
1212,107,8593
1213,107,9719
1214,108,1012
1215,108,2218
1216,108,2857
1217,108,9763
1218,109,1355
1219,109,1793
1220,109,4089
1221,109,4438
1222,109,9065
1223,109,945
1224,109,9801
1225,110,253
1226,110,432
1227,110,4919
1228,110,5258
1229,110,5545
1230,110,5768
1231,110,5866
1232,110,5965
1233,110,6468
1234,110,7061
1235,110,9076
1236,111,197
1237,111,24
1238,111,29
1239,111,319
1240,111,1767
1241,111,1824
1242,111,1854
1243,111,6681
1244,111,6773
1245,111,7306
1246,111,8628
1247,111,878
1248,112,2
1249,112,2317
1250,112,3295
1251,112,4032
1252,112,5821
1253,112,5855
1254,112,692
1255,112,8404
1256,112,8676
1257,112,9111
1258,112,9563
1259,112,9631
1260,112,967
1261,113,117
1262,113,175
1263,113,2129
1264,113,2594
1265,113,2783
1266,113,2949
1267,113,2999
1268,113,303
1269,113,3185
1270,113,3255
1271,113,3365
1272,113,3389
1273,113,3645
1274,113,3671
1275,113,3837
1276,113,3877
1277,113,42
1278,113,4231
1279,113,4583
1280,113,4694
1281,113,4854
1282,113,5244
1283,113,5267
1284,113,5696
1285,113,7345
1286,113,7395
1287,113,7428
1288,113,7931
1289,113,8752
1290,113,8989
1291,113,968
1292,113,9805
1293,113,9918
1294,114,394
1295,114,1966
1296,114,4699
1297,114,4767
1298,114,5927
1299,114,7369
1300,115,1285
1301,115,1815
1302,115,2109
1303,115,6345
1304,115,6391
1305,116,288
1306,116,408
1307,116,156
1308,116,1706
1309,116,2021
1310,116,2871
1311,116,2936
1312,116,4177
1313,116,4328
1314,116,7063
1315,116,9017
1316,117,53
1317,117,2337
1318,117,272
1319,117,2898
1320,117,3366
1321,117,3517
1322,117,3704
1323,117,3951
1324,117,4054
1325,117,4413
1326,117,5486
1327,117,6784
1328,118,406
1329,118,463
1330,118,488
1331,118,785
1332,118,1911
1333,118,2847
1334,118,2862
1335,118,2968
1336,118,3184
1337,118,3434
1338,118,4666
1339,118,4936
1340,118,6277
1341,118,6711
1342,119,2045
1343,119,3003
1344,119,3338
1345,119,4913
1346,119,7014
1347,119,746
1348,119,7707
1349,119,7898
1350,119,8
1351,119,8025
1352,119,8509
1353,119,8718
1354,119,9323
1355,120,2575
1356,120,27
1357,120,3093
1358,120,7103
1359,120,7478
1360,120,8142
1361,120,8652
1362,121,66
1363,121,201
1364,121,2664
1365,121,2722
1366,121,2998
1367,121,3038
1368,121,36
1369,121,3783
1370,121,3895
1371,121,4493
1372,121,4609
1373,121,4664
1374,121,4909
1375,121,51
1376,121,672
1377,121,8201
1378,121,8761
1379,122,3249
1380,122,3516
1381,122,832
1382,122,8765
1383,122,8965
1384,122,9368
1385,122,9484
1386,123,743
1387,123,455
1388,123,6451
1389,123,6534
1390,123,851
1391,123,9491
1392,124,112
1393,124,208
1394,124,593
1395,124,1436
1396,124,3612
1397,124,41
1398,124,4494
1399,124,4562
1400,124,4617
1401,124,4634
1402,124,4664
1403,124,4714
1404,124,5158
1405,124,5461
1406,124,6539
1407,124,7084
1408,125,3721
1409,125,3852
1410,125,4548
1411,125,8115
1412,125,9066
1413,126,465
1414,126,887
1415,126,1118
1416,126,1453
1417,126,1492
1418,126,2011
1419,126,3351
1420,126,4076
1421,126,5224
1422,126,5289
1423,126,5456
1424,126,5778
1425,126,6245
1426,126,6462
1427,126,9333
1428,127,547
1429,127,2959
1430,127,3857
1431,127,4207
1432,127,9073
1433,127,9367
1434,128,212
1435,128,349
1436,128,1218
1437,128,2217
1438,128,2629
1439,128,2694
1440,128,3908
1441,128,4165
1442,128,8636
1443,128,9008
1444,128,922
1445,129,211
1446,129,5924
1447,129,8083
1448,130,1275
1449,130,3414
1450,130,4197
1451,130,4922
1452,130,5631
1453,130,6014
1454,130,7137
1455,130,7727
1456,130,8395
1457,130,9334
1458,130,9575
1459,130,9708
1460,130,9828
1461,131,144
1462,131,188
1463,131,221
1464,131,2738
1465,131,3326
1466,131,3734
1467,131,3986
1468,131,5968
1469,131,9498
1470,131,9565
1471,131,9618
1472,132,2355
1473,132,7714
1474,132,8009
1475,132,8263
1476,132,8295
1477,132,8636
1478,132,8807
1479,133,1895
1480,133,2545
1481,133,2573
1482,133,5883
1483,133,6009
1484,133,6219
1485,133,631
1486,133,849
1487,133,9619
1488,133,9679
1489,133,9857
1490,134,43
1491,134,1179
1492,134,2847
1493,134,9084
1494,134,9147
1495,135,28
1496,135,956
1497,135,4781
1498,135,5232
1499,135,6748
1500,135,7519
1501,135,9345
1502,135,936
1503,135,9549
1504,136,306
1505,136,1449
1506,136,211
1507,136,2248
1508,136,3951
1509,136,4119
1510,136,4424
1511,136,4508
1512,136,485
1513,136,5192
1514,136,5456
1515,136,5566
1516,136,5729
1517,136,6045
1518,136,8036
1519,136,8303
1520,136,97
1521,136,9716
1522,136,9896
1523,137,1749
1524,137,2446
1525,137,378
1526,137,6036
1527,137,6122
1528,138,367
1529,138,948
1530,138,3732
1531,138,4008
1532,138,4484
1533,138,4974
1534,138,8789
1535,138,9598
1536,139,295
1537,139,443
1538,139,62
1539,139,1078
1540,139,1122
1541,139,2142
1542,139,2463
1543,139,254
1544,139,2695
1545,139,2918
1546,139,2943
1547,139,3087
1548,139,4444
1549,139,4539
1550,139,6655
1551,139,8475
1552,140,7426
1553,140,8831
1554,140,9608
1555,140,9816
1556,141,1358
1557,141,1845
1558,141,2929
1559,141,3043
1560,141,5086
1561,141,5487
1562,141,6365
1563,141,6776
1564,141,691
1565,141,7687
1566,141,7758
1567,142,2853
1568,142,393
1569,142,5122
1570,142,6856
1571,142,7411
1572,142,859
1573,142,8644
1574,143,304
1575,143,6606
1576,143,7004
1577,143,9686
1578,144,1289
1579,144,1897
1580,144,2216
1581,144,2629
1582,144,2939
1583,144,2968
1584,144,3102
1585,144,3504
1586,144,3847
1587,144,5623
1588,144,6706
1589,144,756
1590,144,7871
1591,144,8233
1592,144,8393
1593,145,29
1594,145,3843
1595,145,4151
1596,145,4834
1597,145,5451
1598,145,6314
1599,145,6704
1600,145,7021
1601,146,2866
1602,146,4707
1603,146,4853
1604,146,524
1605,146,5344
1606,146,6381
1607,146,7789
1608,146,8804
1609,147,3098
1610,147,4571
1611,147,4617
1612,147,4965
1613,147,5313
1614,147,7771
1615,147,8024
1616,147,9065
1617,147,9502
1618,147,9532
1619,148,213
1620,148,4459
1621,148,5051
1622,148,5162
1623,148,5591
1624,148,5688
1625,148,7632
1626,148,7795
1627,148,884
1628,149,141
1629,149,364
1630,149,4654
1631,149,4668
1632,149,5047
1633,149,5111
1634,149,9882
1635,150,1245
1636,150,2342
1637,150,2667
1638,150,3177
1639,150,3446
1640,150,3609
1641,150,7266
1642,150,7579
1643,150,7619
1644,150,8028
1645,150,8891
1646,150,9869
1647,151,3
1648,151,779
1649,151,3915
1650,151,5756
1651,151,6179
1652,151,6346
1653,151,6497
1654,151,6663
1655,151,6872
1656,151,736
1657,151,7415
1658,151,7662
1659,151,7986
1660,151,8072
1661,151,923
1662,151,9254
1663,151,9327
1664,151,9364
1665,152,1315
1666,152,1696
1667,153,263
1668,153,1206
1669,153,2388
1670,153,6409
1671,153,6726
1672,153,7484
1673,154,1537
1674,154,3971
1675,154,4727
1676,154,5422
1677,154,5504
1678,154,6478
1679,154,6657
1680,154,6679
1681,154,6699
1682,154,6874
1683,154,703
1684,154,7359
1685,154,7433
1686,154,7554
1687,154,7724
1688,154,819
1689,154,8642
1690,154,8734
1691,154,8841
1692,154,908
1693,155,1516
1694,155,2909
1695,155,3243
1696,155,449
1697,155,5047
1698,155,5524
1699,155,6296
1700,155,6555
1701,155,6737
1702,155,71
1703,155,7144
1704,155,7343
1705,155,7375
1706,155,7449
1707,155,7468
1708,155,7569
1709,155,7848
1710,155,8094
1711,155,8466
1712,155,8485
1713,156,1573
1714,156,2229
1715,156,5083
1716,156,5263
1717,156,5931
1718,156,9589
1719,157,1383
1720,157,6585
1721,157,6886
1722,157,8617
1723,158,25
1724,158,1026
1725,158,1165
1726,158,1292
1727,158,1418
1728,158,1984
1729,158,209
1730,158,2301
1731,158,3019
1732,158,3063
1733,158,3102
1734,158,3366
1735,158,393
1736,158,3971
1737,158,4955
1738,158,5121
1739,158,7873
1740,158,791
1741,159,67
1742,159,1645
1743,159,3349
1744,159,4564
1745,159,5425
1746,159,6097
1747,159,731
1748,159,7583
1749,160,3173
1750,160,3879
1751,160,3968
1752,160,5167
1753,161,659
1754,161,988
1755,161,1591
1756,161,2359
1757,161,2433
1758,161,2522
1759,161,287
1760,161,3311
1761,161,3417
1762,161,5638
1763,161,8852
1764,161,9987
1765,162,184
1766,162,94
1767,162,1362
1768,162,1455
1769,162,1854
1770,162,1885
1771,162,2217
1772,162,2464
1773,162,3296
1774,162,3863
1775,162,4378
1776,162,4446
1777,162,4584
1778,162,4859
1779,162,5088
1780,162,5276
1781,162,7242
1782,163,2707
1783,163,4352
1784,163,5927
1785,163,6251
1786,163,7045
1787,163,8964
1788,163,9161
1789,163,976
1790,163,9913
1791,164,945
1792,164,1074
1793,164,1315
1794,164,1879
1795,164,1942
1796,164,2491
1797,164,4019
1798,165,1139
1799,165,2083
1800,165,2165
1801,165,3269
1802,165,3754
1803,165,5789
1804,165,5982
1805,165,6051
1806,165,6674
1807,165,8766
1808,165,8836
1809,165,9056
1810,166,114
1811,166,1225
1812,166,124
1813,166,1425
1814,166,1725
1815,166,1912
1816,166,2631
1817,166,3286
1818,166,3576
1819,166,7406
1820,166,7723
1821,166,8897
1822,166,9132
1823,167,67
1824,167,1189
1825,167,1473
1826,167,1697
1827,167,4788
1828,167,5365
1829,169,2965
1830,169,3169
1831,169,3188
1832,169,4103
1833,169,4594
1834,169,6131
1835,169,6148
1836,169,6817
1837,169,7415
1838,169,7574
1839,169,7632
1840,169,7732
1841,169,7932
1842,169,8182
1843,169,8378
1844,169,8439
1845,169,8652
1846,169,8827
1847,169,8867
1848,169,8938
1849,170,2269
1850,170,2654
1851,170,3128
1852,170,3259
1853,170,3447
1854,170,4449
1855,170,4602
1856,170,4647
1857,170,4898
1858,170,504
1859,170,5836
1860,170,5879
1861,170,6314
1862,170,6817
1863,170,874
1864,171,29
1865,171,1078
1866,171,1362
1867,171,3137
1868,171,326
1869,171,4985
1870,171,54
1871,171,8697
1872,171,883
1873,171,9284
1874,171,9732
1875,172,832
1876,172,3108
1877,172,4613
1878,172,9895
1879,173,65
1880,173,971
1881,173,1631
1882,173,24
1883,173,2517
1884,173,2549
1885,173,3212
1886,173,3594
1887,173,4856
1888,173,5059
1889,173,5094
1890,173,5349
1891,173,5907
1892,173,5937
1893,173,9555
1894,173,998
1895,174,934
1896,174,1141
1897,174,1236
1898,174,1267
1899,174,1702
1900,174,1796
1901,174,1852
1902,174,226
1903,174,331
1904,174,4085
1905,174,5809
1906,174,6372
1907,174,6407
1908,174,6678
1909,174,8359
1910,174,8495
1911,174,8707
1912,174,8861
1913,174,9683
1914,175,1847
1915,175,6985
1916,175,8007
1917,176,673
1918,176,2255
1919,176,4009
1920,176,5375
1921,176,6883
1922,176,6978
1923,176,7065
1924,176,753
1925,176,7582
1926,176,7626
1927,176,7934
1928,176,8168
1929,176,8406
1930,177,1375
1931,177,3288
1932,177,36
1933,177,445
1934,177,4852
1935,177,5073
1936,177,57
1937,177,5877
1938,177,6034
1939,177,6277
1940,177,6304
1941,177,6761
1942,177,9066
1943,177,9216
1944,177,9231
1945,177,9464
1946,177,9489
1947,177,991
1948,178,3583
1949,178,4957
1950,178,5404
1951,178,5615
1952,178,6898
1953,178,8651
1954,179,728
1955,179,1439
1956,179,1936
1957,179,203
1958,179,5832
1959,179,7755
1960,179,782
1961,179,8624
1962,180,688
1963,180,2062
1964,180,2244
1965,180,3878
1966,180,4493
1967,180,5738
1968,180,6217
1969,180,6563
1970,180,6831
1971,180,7584
1972,180,7705
1973,180,8471
1974,180,9161
1975,180,9254
1976,181,7
1977,181,5857
1978,181,7407
1979,182,3673
1980,182,4032
1981,182,4321
1982,182,476
1983,182,7359
1984,182,8106
1985,182,9123
1986,183,1831
1987,183,2551
1988,183,2866
1989,183,3031
1990,183,3164
1991,183,3244
1992,183,3286
1993,183,3868
1994,183,4811
1995,183,7212
1996,183,7399
1997,183,7437
1998,183,7501
1999,183,7927
2000,183,7977
2001,183,8131
2002,183,8725
2003,183,8798
2004,183,9703
2005,184,2952
2006,184,3801
2007,184,3846
2008,184,402
2009,184,4322
2010,184,4764
2011,184,4931
2012,184,5117
2013,184,6082
2014,184,6466
2015,184,6607
2016,185,1897
2017,185,3149
2018,185,3337
2019,185,4434
2020,185,5496
2021,185,5547
2022,185,5661
2023,185,5774
2024,186,31
2025,186,4091
2026,186,446
2027,186,4979
2028,186,5916
2029,186,6757
2030,186,6794
2031,186,7072
2032,186,8124
2033,186,9201
2034,186,9347
2035,186,9729
2036,186,9905
2037,187,1459
2038,187,1496
2039,187,228
2040,187,2397
2041,187,2642
2042,187,269
2043,187,4069
2044,187,4101
2045,187,4295
2046,187,6752
2047,187,8073
2048,187,9231
2049,187,9924
2050,188,168
2051,188,337
2052,188,366
2053,188,881
2054,188,1101
2055,188,187
2056,188,325
2057,188,3725
2058,188,3805
2059,188,4013
2060,188,6405
2061,188,8337
2062,188,8559
2063,188,8757
2064,188,8984
2065,189,21
2066,189,373
2067,189,1876
2068,189,2863
2069,189,3588
2070,189,456
2071,189,5927
2072,189,5987
2073,189,7332
2074,189,8479
2075,189,8758
2076,189,8789
2077,189,9426
2078,190,1063
2079,190,2663
2080,190,357
2081,190,571
2082,190,5846
2083,190,8708
2084,190,8759
2085,191,932
2086,191,2351
2087,191,2567
2088,191,2913
2089,191,3653
2090,191,4279
2091,191,4359
2092,191,4879
2093,191,601
2094,191,6203
2095,192,526
2096,192,1686
2097,192,3882
2098,192,4334
2099,192,45
2100,192,5968
2101,192,6625
2102,192,8863
2103,193,1172
2104,193,1663
2105,193,1916
2106,193,6961
2107,193,8351
2108,193,8364
2109,193,9539
2110,194,768
2111,194,964
2112,194,1361
2113,194,285
2114,194,4786
2115,194,6032
2116,194,613
2117,194,6237
2118,194,6872
2119,194,8192
2120,194,9428
2121,195,736
2122,195,5197
2123,195,5473
2124,195,6135
2125,195,761
2126,196,1851
2127,196,2166
2128,196,2888
2129,196,3823
2130,196,3855
2131,196,4908
2132,196,5052
2133,196,6923
2134,196,769
2135,196,9865
2136,197,134
2137,197,3024
2138,197,3864
2139,197,588
2140,197,5929
2141,197,6474
2142,197,6755
2143,197,6914
2144,197,7186
2145,197,7203
2146,197,7225
2147,197,8105
2148,197,8498
2149,197,9339
2150,197,9768
2151,198,37
2152,198,1607
2153,198,4016
2154,198,4036
2155,198,5301
2156,198,7495
2157,198,9412
2158,198,9977
2159,199,3638
2160,199,4036
2161,199,4823
2162,199,5914
2163,199,6025
2164,200,918
2165,200,1313
2166,200,1436
2167,200,1711
2168,201,14
2169,201,555
2170,201,896
2171,201,957
2172,201,1078
2173,201,1221
2174,201,1602
2175,201,2169
2176,201,2219
2177,201,2805
2178,201,3251
2179,201,3486
2180,201,4169
2181,201,5033
2182,201,5964
2183,201,6622
2184,201,7981
2185,201,8962
2186,202,1274
2187,202,2357
2188,202,2659
2189,202,2874
2190,202,3806
2191,202,5102
2192,202,633
2193,202,7052
2194,202,7411
2195,202,7909
2196,202,8192
2197,202,9945
2198,203,6387
2199,203,8761
2200,204,46
2201,204,906
2202,204,1327
2203,204,4144
2204,204,5318
2205,204,5474
2206,204,5544
2207,204,9288
2208,204,9718
2209,204,9777
2210,204,9825
2211,204,9976
2212,205,676
2213,205,891
2214,205,1446
2215,205,1761
2216,205,2292
2217,205,2383
2218,205,2652
2219,205,2985
2220,205,308
2221,205,3795
2222,205,5552
2223,205,597
2224,205,7203
2225,205,7437
2226,205,7807
2227,205,7838
2228,206,1738
2229,206,1973
2230,206,2014
2231,206,21
2232,206,3713
2233,206,4173
2234,206,4362
2235,206,4997
2236,206,5093
2237,206,5435
2238,206,5476
2239,206,5521
2240,206,5975
2241,206,6018
2242,206,6097
2243,206,6686
2244,206,6772
2245,206,7252
2246,206,728
2247,206,7685
2248,206,7717
2249,206,7919
2250,206,8858
2251,206,9121
2252,207,1074
2253,207,1839
2254,207,1977
2255,207,2794
2256,207,3598
2257,207,3807
2258,207,4058
2259,207,5129
2260,207,9948
2261,208,174
2262,208,235
2263,208,1358
2264,208,4109
2265,208,4526
2266,208,4665
2267,208,6253
2268,208,9175
2269,209,894
2270,209,5614
2271,209,5876
2272,210,315
2273,210,2702
2274,210,4868
2275,210,6691
2276,210,7558
2277,210,7814
2278,210,7855
2279,210,8405
2280,211,4055
2281,211,4666
2282,211,7229
2283,212,11
2284,212,2054
2285,212,2354
2286,212,2663
2287,212,2964
2288,212,6502
2289,212,7072
2290,212,7505
2291,213,4287
2292,213,6537
2293,213,7669
2294,213,8838
2295,213,9919
2296,214,549
2297,214,1511
2298,214,1984
2299,214,2821
2300,214,5196
2301,214,5375
2302,214,7858
2303,214,8331
2304,214,9229
2305,214,9423
2306,214,9669
2307,214,9759
2308,215,798
2309,215,1346
2310,215,1488
2311,215,3184
2312,215,3403
2313,215,5124
2314,215,6057
2315,215,8364
2316,215,9321
2317,215,9429
2318,216,9386
2319,217,242
2320,217,33
2321,217,406
2322,217,65
2323,217,17
2324,217,3803
2325,217,4598
2326,217,4903
2327,217,5431
2328,217,5751
2329,217,5905
2330,217,5938
2331,217,6121
2332,217,6243
2333,218,3786
2334,218,5258
2335,218,6319
2336,218,6643
2337,218,683
2338,218,6894
2339,218,7552
2340,218,7696
2341,218,8028
2342,218,9185
2343,218,9321
2344,218,9461
2345,218,9934
2346,219,83
2347,219,732
2348,219,768
2349,219,169
2350,219,5476
2351,219,6288
2352,219,656
2353,219,8907
2354,219,991
2355,220,55
2356,220,615
2357,220,1425
2358,220,2675
2359,220,5496
2360,220,5729
2361,220,6191
2362,220,9553
2363,221,2403
2364,221,3884
2365,221,5886
2366,221,7335
2367,221,8296
2368,221,8679
2369,221,9183
2370,221,9294
2371,222,77
2372,222,104
2373,222,2699
2374,222,3196
2375,222,348
2376,222,3909
2377,222,4707
2378,222,6006
2379,222,915
2380,223,2358
2381,223,2964
2382,223,4548
2383,223,481
2384,224,433
2385,224,1343
2386,224,3863
2387,224,4487
2388,224,5021
2389,224,5062
2390,224,5378
2391,224,5549
2392,224,5767
2393,224,586
2394,224,5931
2395,224,6301
2396,224,6523
2397,224,6876
2398,224,7029
2399,224,8279
2400,224,8332
2401,225,287
2402,225,2507
2403,225,271
2404,225,3102
2405,225,484
2406,225,5171
2407,225,5629
2408,225,5752
2409,225,6096
2410,225,64
2411,225,6611
2412,225,6721
2413,225,6887
2414,225,7067
2415,225,7206
2416,225,8935
2417,225,9486
2418,225,96
2419,225,9811
2420,225,9866
2421,226,1984
2422,226,2795
2423,226,305
2424,226,309
2425,226,3247
2426,226,3717
2427,226,4516
2428,226,5102
2429,226,5196
2430,226,7896
2431,227,48
2432,227,977
2433,227,3926
2434,227,4554
2435,227,5353
2436,227,6286
2437,227,6419
2438,227,6729
2439,227,7214
2440,227,7332
2441,227,9249
2442,228,524
2443,228,829
2444,228,3147
2445,228,403
2446,228,4947
2447,228,5524
2448,228,5673
2449,228,5812
2450,228,5846
2451,228,6027
2452,228,612
2453,228,7963
2454,228,8875
2455,229,619
2456,229,5261
2457,229,555
2458,229,7301
2459,229,7418
2460,230,223
2461,230,394
2462,230,1309
2463,230,1368
2464,230,1399
2465,230,3484
2466,230,3631
2467,230,4278
2468,230,4919
2469,230,5166
2470,230,6584
2471,230,6935
2472,230,804
2473,230,8352
2474,230,8693
2475,230,9
2476,230,9277
2477,231,533
2478,231,1035
2479,231,1397
2480,231,2153
2481,231,2238
2482,231,228
2483,231,2491
2484,231,2709
2485,231,2778
2486,231,2986
2487,231,3088
2488,231,3364
2489,231,3666
2490,231,3806
2491,231,4556
2492,231,4921
2493,231,5305
2494,231,5891
2495,231,6208
2496,231,6261
2497,231,8903
2498,231,9291
2499,232,3786
2500,232,4497
2501,232,5049
2502,232,5463
2503,232,618
2504,232,8017
2505,233,2
2506,233,5979
2507,234,1432
2508,234,1919
2509,234,2121
2510,234,2862
2511,234,3678
2512,234,3727
2513,234,3953
2514,234,4576
2515,234,8649
2516,235,2882
2517,235,3011
2518,235,3382
2519,235,3766
2520,235,4012
2521,235,4072
2522,235,4192
2523,235,4454
2524,235,4937
2525,235,4975
2526,235,5183
2527,235,5283
2528,235,5834
2529,235,5976
2530,235,6142
2531,235,6897
2532,235,6921
2533,235,6946
2534,235,7224
2535,236,4126
2536,236,4225
2537,236,429
2538,236,4308
2539,236,4356
2540,236,4382
2541,236,5734
2542,236,5864
2543,236,7195
2544,236,802
2545,236,8134
2546,236,8205
2547,236,9479
2548,236,9883
2549,237,139
2550,237,937
2551,237,1083
2552,237,1746
2553,237,8042
2554,238,1793
2555,238,1826
2556,238,2515
2557,238,294
2558,238,4208
2559,238,5881
2560,238,6003
2561,238,8618
2562,238,9543
2563,238,9839
2564,239,89
2565,239,247
2566,239,1663
2567,239,211
2568,239,2201
2569,239,2231
2570,239,2314
2571,239,2958
2572,239,3969
2573,239,4329
2574,239,759
2575,239,8337
2576,239,9886
2577,240,578
2578,240,627
2579,240,356
2580,240,4645
2581,240,5068
2582,240,5832
2583,240,6033
2584,240,8175
2585,240,9845
2586,241,4392
2587,241,4657
2588,241,576
2589,241,7377
2590,242,1813
2591,242,2428
2592,242,2825
2593,242,3215
2594,242,6117
2595,242,6579
2596,242,717
2597,242,9261
2598,242,9389
2599,242,943
2600,242,9525
2601,243,2503
2602,243,3264
2603,243,3428
2604,243,3844
2605,243,5564
2606,243,8127
2607,243,8817
2608,244,296
2609,244,795
2610,244,831
2611,244,1001
2612,244,173
2613,244,5895
2614,244,6702
2615,244,9594
2616,244,9917
2617,245,249
2618,245,3309
2619,245,388
2620,245,5049
2621,245,8392
2622,245,9665
2623,245,9937
2624,246,26
2625,246,971
2626,246,1009
2627,246,1106
2628,246,2644
2629,246,3104
2630,246,3152
2631,246,5256
2632,246,5904
2633,246,6256
2634,246,7201
2635,246,7659
2636,246,8378
2637,247,38
2638,247,5581
2639,247,5672
2640,247,6524
2641,247,6589
2642,247,7242
2643,247,8901
2644,247,9364
2645,247,94
2646,247,95
2647,248,355
2648,248,1124
2649,248,189
2650,248,1937
2651,248,4687
2652,248,4792
2653,248,524
2654,248,5416
2655,248,5844
2656,249,1142
2657,249,1492
2658,249,2465
2659,249,3105
2660,249,3732
2661,249,3793
2662,249,3957
2663,249,4178
2664,249,4942
2665,249,4957
2666,249,5248
2667,249,533
2668,249,6017
2669,249,7157
2670,249,8347
2671,249,8892
2672,249,8969
2673,249,9028
2674,249,9316
2675,249,9456
2676,249,97
2677,249,9939
2678,250,727
2679,250,1165
2680,250,1453
2681,250,5058
2682,250,5351
2683,250,5379
2684,250,6307
2685,250,6538
2686,250,7126
2687,250,7816
2688,250,8553
2689,250,8911
2690,250,8963
2691,250,898
2692,250,9302
2693,250,933
2694,250,9643
2695,250,9982
2696,251,43
2697,251,333
2698,251,2246
2699,251,2936
2700,251,3465
2701,251,8413
2702,251,8846
2703,252,249
2704,252,3602
2705,252,7513
2706,252,8003
2707,252,8295
2708,253,857
2709,253,1132
2710,253,2179
2711,253,2274
2712,253,3625
2713,253,4061
2714,253,5895
2715,253,729
2716,253,7982
2717,253,8431
2718,253,8492
2719,254,3669
2720,254,4205
2721,254,4255
2722,254,6209
2723,254,9768
2724,255,816
2725,255,104
2726,255,122
2727,255,1233
2728,255,1301
2729,255,148
2730,255,1738
2731,255,1955
2732,255,1974
2733,255,202
2734,255,2077
2735,255,214
2736,255,2232
2737,255,2416
2738,255,245
2739,255,2577
2740,255,2726
2741,255,2748
2742,255,3439
2743,255,4556
2744,255,4791
2745,255,4884
2746,255,6243
2747,255,7134
2748,256,582
2749,256,1912
2750,256,2405
2751,256,3348
2752,256,3696
2753,256,3844
2754,256,5926
2755,256,6018
2756,256,6128
2757,256,6146
2758,256,717
2759,256,7548
2760,256,8433
2761,256,8951
2762,256,9069
2763,256,928
2764,256,9421
2765,257,2
2766,257,4533
2767,257,7298
2768,257,9143
2769,258,391
2770,258,714
2771,258,843
2772,258,1254
2773,258,3267
2774,258,3291
2775,258,3593
2776,258,6416
2777,258,6807
2778,258,7773
2779,258,7935
2780,258,8178
2781,258,966
2782,258,9789
2783,258,9855
2784,259,82
2785,259,363
2786,259,755
2787,259,2486
2788,259,6282
2789,259,7065
2790,259,7226
2791,259,7555
2792,259,7726
2793,259,9592
2794,259,996
2795,260,494
2796,260,1054
2797,260,1846
2798,260,2529
2799,260,256
2800,260,3382
2801,260,8696
2802,260,9756
2803,261,455
2804,261,3028
2805,261,3355
2806,261,358
2807,261,5496
2808,261,8303
2809,261,9333
2810,262,2008
2811,262,2239
2812,262,2448
2813,262,3057
2814,262,4602
2815,262,5406
2816,262,5726
2817,262,6393
2818,262,6732
2819,262,6777
2820,262,7185
2821,262,7521
2822,262,7722
2823,262,7781
2824,262,7866
2825,262,8177
2826,262,8631
2827,262,933
2828,262,9543
2829,262,9577
2830,262,9606
2831,263,2074
2832,263,2979
2833,263,3662
2834,263,4611
2835,263,4822
2836,264,1594
2837,264,3113
2838,264,4521
2839,264,5623
2840,264,5765
2841,264,5795
2842,264,5815
2843,264,6054
2844,264,623
2845,264,6366
2846,264,6615
2847,264,677
2848,264,7471
2849,264,8093
2850,264,9469
2851,264,9671
2852,265,422
2853,265,1496
2854,265,1702
2855,265,4589
2856,265,4878
2857,265,5297
2858,265,5329
2859,265,5738
2860,265,5866
2861,265,5972
2862,265,6059
2863,265,6183
2864,265,6644
2865,265,8331
2866,265,9005
2867,265,9065
2868,266,13
2869,266,1883
2870,266,7864
2871,267,5451
2872,267,5844
2873,267,6097
2874,267,6761
2875,267,7048
2876,267,8429
2877,268,1224
2878,268,1302
2879,268,133
2880,268,4401
2881,268,5073
2882,268,7874
2883,268,8018
2884,268,8278
2885,268,9233
2886,269,4467
2887,269,4614
2888,269,5616
2889,269,5664
2890,269,6407
2891,269,7113
2892,269,869
2893,269,9068
2894,269,9315
2895,269,9821
2896,270,607
2897,270,1023
2898,270,1166
2899,270,1196
2900,270,1785
2901,270,2187
2902,270,3334
2903,270,399
2904,270,4096
2905,270,5328
2906,271,727
2907,271,1245
2908,271,1704
2909,271,2171
2910,271,2405
2911,271,3978
2912,271,4518
2913,271,4805
2914,271,5462
2915,271,6206
2916,271,7079
2917,271,7239
2918,271,7379
2919,271,7501
2920,272,1825
2921,272,4769
2922,272,495
2923,272,6239
2924,272,6684
2925,272,7433
2926,273,2766
2927,273,4294
2928,273,5173
2929,273,5887
2930,273,6167
2931,273,6511
2932,273,7623
2933,273,8088
2934,274,29
2935,274,1939
2936,274,2075
2937,274,2172
2938,274,2219
2939,274,2837
2940,274,6285
2941,274,8488
2942,274,9302
2943,274,9459
2944,274,9821
2945,275,968
2946,275,3888
2947,275,5002
2948,275,5358
2949,275,8806
2950,276,22
2951,276,35
2952,276,1018
2953,276,1847
2954,276,2674
2955,276,6287
2956,276,6381
2957,276,6414
2958,276,6634
2959,276,674
2960,276,7306
2961,276,7484
2962,276,7761
2963,277,176
2964,277,1123
2965,277,1268
2966,277,2876
2967,277,3324
2968,277,4533
2969,277,525
2970,277,7243
2971,277,9828
2972,278,21
2973,278,2439
2974,278,268
2975,278,2952
2976,278,3318
2977,278,356
2978,278,3796
2979,278,416
2980,278,4656
2981,278,5105
2982,278,5707
2983,278,6341
2984,278,641
2985,278,7187
2986,279,966
2987,279,3685
2988,279,7579
2989,279,8062
2990,279,8265
2991,279,8384
2992,279,8421
2993,279,8659
2994,280,471
2995,280,599
2996,280,623
2997,280,677
2998,280,1724
2999,280,1855
3000,280,3924
3001,280,8612
3002,280,9177
3003,281,121
3004,281,1452
3005,281,1568
3006,281,1581
3007,281,2183
3008,281,2291
3009,281,2767
3010,281,3346
3011,281,4443
3012,281,5075
3013,281,5781
3014,281,6288
3015,281,7103
3016,281,724
3017,281,7254
3018,281,7843
3019,281,9864
3020,282,1861
3021,282,2174
3022,282,7351
3023,282,7428
3024,282,8176
3025,282,8256
3026,282,902
3027,282,9294
3028,283,314
3029,283,373
3030,283,1957
3031,283,2
3032,283,2095
3033,283,2482
3034,283,3068
3035,283,339
3036,283,3905
3037,283,4319
3038,283,4435
3039,283,4458
3040,283,6049
3041,283,6434
3042,283,655
3043,283,6631
3044,283,6724
3045,283,6909
3046,283,7129
3047,283,851
3048,283,8788
3049,284,4154
3050,284,5174
3051,284,5289
3052,284,6393
3053,284,7665
3054,284,844
3055,284,9223
3056,284,9975
3057,285,1105
3058,285,1156
3059,285,1816
3060,285,1975
3061,285,276
3062,285,478
3063,285,5649
3064,285,6373
3065,285,9535
3066,286,2885
3067,286,4452
3068,286,618
3069,286,6589
3070,286,6653
3071,286,9684
3072,286,9902
3073,287,879
3074,287,95
3075,287,1978
3076,287,3934
3077,287,4288
3078,287,45
3079,287,5056
3080,287,6367
3081,287,9671
3082,288,6228
3083,288,6419
3084,288,709
3085,288,7121
3086,288,7403
3087,288,7769
3088,289,1033
3089,289,1346
3090,289,1723
3091,289,2194
3092,289,2306
3093,289,315
3094,289,3456
3095,289,3635
3096,289,4062
3097,289,4102
3098,289,427
3099,289,4332
3100,289,4622
3101,289,4767
3102,289,4928
3103,289,4953
3104,289,5095
3105,289,5156
3106,289,5418
3107,289,5548
3108,289,5599
3109,289,5727
3110,289,683
3111,289,7067
3112,289,7776
3113,289,9646
3114,289,9864
3115,290,1006
3116,290,1093
3117,290,2488
3118,290,3449
3119,290,4002
3120,290,4629
3121,290,4814
3122,290,5139
3123,290,5704
3124,290,5766
3125,290,6855
3126,290,7098
3127,290,7498
3128,290,8946
3129,290,8961
3130,291,293
3131,291,1807
3132,291,4129
3133,291,4922
3134,291,6281
3135,291,6433
3136,291,7981
3137,292,1447
3138,292,2701
3139,292,3727
3140,292,8952
3141,292,9441
3142,292,9702
3143,293,627
3144,293,1255
3145,293,5697
3146,293,6404
3147,293,6896
3148,293,7077
3149,293,7611
3150,293,7837
3151,293,8526
3152,293,9094
3153,294,517
3154,294,3725
3155,294,5469
3156,294,5788
3157,294,5816
3158,294,587
3159,294,6685
3160,294,6734
3161,295,639
3162,295,724
3163,295,892
3164,295,1639
3165,295,5582
3166,295,8107
3167,295,8995
3168,296,247
3169,296,1385
3170,296,1952
3171,296,2433
3172,296,3095
3173,296,3224
3174,296,3957
3175,296,4133
3176,296,4172
3177,296,4429
3178,296,4628
3179,296,5143
3180,296,5286
3181,296,5825
3182,296,6045
3183,296,6688
3184,296,8328
3185,297,1726
3186,297,2096
3187,297,2362
3188,297,2524
3189,297,4965
3190,297,5453
3191,297,5607
3192,297,6133
3193,297,6534
3194,297,6729
3195,297,6832
3196,297,7036
3197,298,1087
3198,298,8685
3199,298,9087
3200,298,9165
3201,299,484
3202,299,793
3203,299,861
3204,299,1338
3205,299,1702
3206,299,3059
3207,299,3867
3208,299,9593
3209,300,1462
3210,300,1806
3211,300,1883
3212,300,6241
3213,300,6783
3214,300,6972
3215,300,7125
3216,300,7339
3217,300,8183
3218,300,8433
3219,300,8558
3220,300,8765
3221,300,9071
3222,301,63
3223,301,672
3224,301,1058
3225,301,2156
3226,301,2402
3227,301,3181
3228,301,4347
3229,301,4512
3230,301,4578
3231,301,782
3232,301,8615
3233,301,8767
3234,301,9187
3235,301,9669
3236,301,9963
3237,302,323
3238,302,964
3239,302,1289
3240,302,1482
3241,302,2063
3242,302,2515
3243,302,3158
3244,302,3202
3245,302,6325
3246,302,7201
3247,302,7651
3248,303,1237
3249,303,1524
3250,303,2782
3251,303,3674
3252,303,3713
3253,303,405
3254,303,4239
3255,303,5071
3256,303,5327
3257,303,5462
3258,303,5598
3259,303,6519
3260,303,6586
3261,303,9401
3262,303,9766
3263,304,61
3264,304,97
3265,304,188
3266,304,3628
3267,304,3839
3268,304,4434
3269,304,5023
3270,304,5085
3271,304,5112
3272,304,7051
3273,304,7943
3274,305,1866
3275,305,6327
3276,305,8476
3277,305,9114
3278,306,122
3279,306,782
3280,306,854
3281,306,1333
3282,306,4714
3283,306,4903
3284,306,5073
3285,306,5693
3286,306,77
3287,306,9685
3288,306,9982
3289,307,349
3290,307,665
3291,307,1146
3292,307,1163
3293,307,2869
3294,307,2888
3295,307,3925
3296,307,7339
3297,307,757
3298,307,8234
3299,307,8542
3300,307,8641
3301,307,9333
3302,307,9751
3303,307,9986
3304,308,1973
3305,308,3505
3306,308,4416
3307,308,4478
3308,308,4852
3309,308,4919
3310,308,4951
3311,308,4971
3312,308,5943
3313,308,6686
3314,308,6944
3315,308,7028
3316,308,8418
3317,308,8642
3318,308,8699
3319,308,9281
3320,308,9522
3321,308,9802
3322,309,3028
3323,309,3427
3324,309,3681
3325,309,4267
3326,309,686
3327,309,7385
3328,309,7403
3329,309,7945
3330,309,8072
3331,310,506
3332,310,3132
3333,310,7885
3334,310,9154
3335,310,9966
3336,311,183
3337,311,43
3338,311,53
3339,311,801
3340,311,1164
3341,311,5496
3342,311,5763
3343,311,7599
3344,311,8041
3345,311,8541
3346,311,8559
3347,311,9333
3348,311,9443
3349,312,278
3350,312,1277
3351,312,138
3352,312,2566
3353,312,3185
3354,312,4296
3355,312,4412
3356,312,5189
3357,312,6196
3358,312,6386
3359,312,643
3360,312,7622
3361,312,7636
3362,312,7716
3363,312,8187
3364,312,8445
3365,312,852
3366,312,8621
3367,312,9205
3368,312,9732
3369,313,382
3370,313,717
3371,313,742
3372,313,4145
3373,313,4455
3374,313,4704
3375,313,5089
3376,313,5338
3377,313,567
3378,314,241
3379,314,256
3380,314,886
3381,314,1322
3382,314,2393
3383,314,2733
3384,314,3074
3385,314,3379
3386,314,3485
3387,314,3793
3388,314,5912
3389,314,5989
3390,314,7732
3391,314,874
3392,314,8841
3393,314,9894
3394,315,694
3395,315,998
3396,315,2155
3397,315,5901
3398,315,6376
3399,315,9241
3400,316,1413
3401,316,2568
3402,316,267
3403,316,6782
3404,316,7783
3405,316,8219
3406,316,8593
3407,316,8611
3408,316,8636
3409,316,9915
3410,317,153
3411,317,435
3412,317,1721
3413,317,2204
3414,317,2636
3415,317,2927
3416,317,3226
3417,317,4157
3418,317,8913
3419,318,8
3420,318,1284
3421,318,1398
3422,318,2101
3423,318,4403
3424,318,8258
3425,318,8631
3426,318,9189
3427,319,334
3428,319,601
3429,319,767
3430,319,1462
3431,319,1691
3432,319,1723
3433,319,2244
3434,319,2287
3435,319,2301
3436,319,2549
3437,319,4063
3438,319,5371
3439,319,5571
3440,319,5799
3441,319,6631
3442,319,6656
3443,319,7002
3444,319,7212
3445,319,9932
3446,320,15
3447,320,24
3448,320,2904
3449,320,3293
3450,320,4399
3451,320,4576
3452,320,4638
3453,320,5077
3454,320,8073
3455,320,8751
3456,320,8952
3457,320,9345
3458,320,9896
3459,321,342
3460,321,758
3461,321,831
3462,321,871
3463,321,1094
3464,321,1227
3465,321,127
3466,321,172
3467,321,1813
3468,321,5028
3469,321,5216
3470,321,5279
3471,321,5367
3472,321,5921
3473,321,6835
3474,321,7018
3475,321,7268
3476,321,9006
3477,322,673
3478,322,686
3479,322,891
3480,322,272
3481,322,279
3482,322,3529
3483,322,4948
3484,322,6645
3485,322,6918
3486,322,9661
3487,323,595
3488,323,172
3489,323,4527
3490,323,4994
3491,323,6109
3492,323,6424
3493,323,6496
3494,323,6562
3495,323,7122
3496,323,7142
3497,323,7176
3498,323,7221
3499,323,7334
3500,323,7408
3501,323,7497
3502,323,7686
3503,323,7748
3504,323,7948
3505,323,871
3506,323,881
3507,323,9415
3508,324,875
3509,324,977
3510,324,135
3511,324,1556
3512,324,1798
3513,324,1939
3514,324,2987
3515,324,5703
3516,324,5809
3517,324,5883
3518,324,6017
3519,324,6289
3520,324,6557
3521,324,6649
3522,324,7304
3523,324,8218
3524,324,9327
3525,325,828
3526,325,3268
3527,325,3652
3528,325,4596
3529,325,4777
3530,325,4872
3531,325,5264
3532,325,5656
3533,325,5699
3534,325,5895
3535,325,9321
3536,326,231
3537,326,325
3538,326,3405
3539,326,6284
3540,326,631
3541,326,7101
3542,326,7781
3543,326,821
3544,326,8676
3545,326,9366
3546,327,74
3547,327,1644
3548,327,1848
3549,327,4882
3550,327,5003
3551,327,5467
3552,327,5655
3553,327,6255
3554,327,6423
3555,327,6689
3556,327,6757
3557,327,7862
3558,327,8105
3559,327,8181
3560,327,8434
3561,328,2244
3562,328,2722
3563,328,2768
3564,328,5856
3565,328,6471
3566,328,6699
3567,329,685
3568,329,4549
3569,329,4893
3570,329,5139
3571,329,86
3572,329,9495
3573,330,618
3574,330,1197
3575,330,583
3576,330,6259
3577,330,671
3578,330,6913
3579,330,7198
3580,330,8426
3581,330,9382
3582,331,159
3583,331,312
3584,331,403
3585,331,516
3586,331,733
3587,331,794
3588,331,843
3589,331,1579
3590,331,1804
3591,331,2079
3592,331,2507
3593,331,2817
3594,331,2971
3595,331,3864
3596,331,3895
3597,331,473
3598,331,479
3599,331,8026
3600,331,8858
3601,331,8942
3602,332,904
3603,332,1647
3604,332,314
3605,332,3212
3606,332,3952
3607,332,4183
3608,332,429
3609,332,5184
3610,332,5415
3611,332,6138
3612,332,7178
3613,332,7902
3614,332,8148
3615,332,8275
3616,333,1623
3617,333,1782
3618,333,2051
3619,333,2155
3620,333,3105
3621,333,3408
3622,333,4016
3623,333,6501
3624,333,6784
3625,333,7659
3626,333,782
3627,333,8183
3628,333,8332
3629,333,8442
3630,334,1397
3631,334,2539
3632,334,3403
3633,334,3423
3634,334,3602
3635,334,3656
3636,334,4477
3637,334,4551
3638,334,4587
3639,334,4921
3640,334,7717
3641,334,8867
3642,334,9161
3643,334,9455
3644,334,9665
3645,334,971
3646,334,9854
3647,334,9886
3648,335,47
3649,335,71
3650,335,2512
3651,335,2848
3652,335,3155
3653,335,3558
3654,335,3615
3655,335,3724
3656,335,3804
3657,335,4764
3658,335,734
3659,335,8707
3660,336,72
3661,336,958
3662,336,1477
3663,336,1766
3664,336,1914
3665,336,1948
3666,336,2076
3667,336,8577
3668,336,9657
3669,336,9791
3670,337,63
3671,337,293
3672,337,413
3673,337,471
3674,337,487
3675,337,722
3676,337,922
3677,337,941
3678,337,975
3679,337,104
3680,337,1322
3681,337,151
3682,337,1618
3683,337,2129
3684,337,2162
3685,337,2553
3686,337,257
3687,337,3405
3688,337,3847
3689,337,4626
3690,337,4796
3691,337,5093
3692,337,5153
3693,337,5262
3694,337,5342
3695,337,5503
3696,337,5621
3697,337,5839
3698,337,9641
3699,338,788
3700,338,5219
3701,338,5338
3702,338,5932
3703,338,8309
3704,338,8786
3705,339,338
3706,339,521
3707,339,1334
3708,339,1594
3709,339,201
3710,339,207
3711,339,3936
3712,339,6066
3713,339,6553
3714,339,6911
3715,339,6943
3716,339,7341
3717,339,854
3718,340,2988
3719,340,4608
3720,340,6184
3721,341,3944
3722,341,4138
3723,342,1132
3724,342,3637
3725,342,469
3726,342,4914
3727,342,6
3728,342,7711
3729,342,7838
3730,342,8035
3731,342,8075
3732,342,8531
3733,342,8742
3734,343,764
3735,343,783
3736,343,1017
3737,343,1309
3738,343,1348
3739,343,2373
3740,343,4243
3741,343,4322
3742,343,5077
3743,343,5462
3744,343,7971
3745,343,9581
3746,344,922
3747,344,1834
3748,344,2276
3749,344,2424
3750,344,3335
3751,344,6136
3752,344,6661
3753,344,7637
3754,344,7771
3755,344,7884
3756,344,7928
3757,344,871
3758,344,8793
3759,344,9073
3760,344,9275
3761,344,9385
3762,344,9404
3763,344,9421
3764,344,9496
3765,345,2451
3766,345,276
3767,345,3302
3768,345,4828
3769,345,5108
3770,345,539
3771,345,5405
3772,345,5431
3773,345,6575
3774,345,6806
3775,345,6877
3776,345,7545
3777,345,7846
3778,345,8401
3779,345,8959
3780,345,908
3781,345,9113
3782,346,1619
3783,346,2064
3784,346,3159
3785,346,5007
3786,346,5558
3787,346,6868
3788,346,7297
3789,346,7706
3790,346,8325
3791,346,8976
3792,346,9388
3793,347,86
3794,347,474
3795,347,696
3796,347,101
3797,347,1079
3798,347,1255
3799,347,143
3800,347,1714
3801,347,3592
3802,347,4479
3803,347,605
3804,347,6472
3805,347,6753
3806,347,7136
3807,348,102
3808,348,8
3809,348,1152
3810,348,418
3811,348,4224
3812,348,445
3813,348,4979
3814,348,5121
3815,348,5184
3816,348,5335
3817,348,5355
3818,348,5834
3819,348,6797
3820,348,9411
3821,349,1587
3822,349,186
3823,349,35
3824,349,4563
3825,349,48
3826,349,5896
3827,349,6071
3828,349,6212
3829,349,624
3830,349,6834
3831,349,6993
3832,349,7564
3833,349,7651
3834,349,7765
3835,349,7792
3836,349,8611
3837,349,8713
3838,349,9231
3839,349,9269
3840,349,9343
3841,350,2034
3842,350,2051
3843,350,2104
3844,350,2153
3845,350,2234
3846,350,2313
3847,350,2701
3848,350,3038
3849,350,3087
3850,350,3293
3851,350,34
3852,350,3715
3853,350,425
3854,350,4402
3855,350,446
3856,350,4558
3857,350,4729
3858,350,6102
3859,350,9066
3860,351,259
3861,351,1125
3862,351,3248
3863,351,3418
3864,351,3536
3865,351,4785
3866,351,4997
3867,351,5022
3868,351,5542
3869,351,5689
3870,352,115
3871,352,2137
3872,352,2398
3873,353,214
3874,353,2655
3875,353,2906
3876,353,3373
3877,353,3389
3878,353,3421
3879,353,4127
3880,353,5829
3881,353,6743
3882,353,6838
3883,353,7037
3884,353,8881
3885,353,8897
3886,353,8931
3887,353,9539
3888,353,9906
3889,353,9972
3890,354,441
3891,354,486
3892,354,675
3893,354,808
3894,354,1276
3895,354,1318
3896,354,1884
3897,354,2845
3898,354,3771
3899,354,5686
3900,354,5978
3901,354,7335
3902,354,8854
3903,354,9257
3904,354,9549
3905,355,1475
3906,355,1909
3907,355,3829
3908,355,4523
3909,355,4624
3910,355,473
3911,355,484
3912,355,8869
3913,356,131
3914,356,2421
3915,356,3311
3916,356,4175
3917,356,4207
3918,356,435
3919,356,7745
3920,356,8536
3921,356,8628
3922,356,8746
3923,356,8889
3924,356,9088
3925,357,1001
3926,357,3024
3927,357,5419
3928,357,5628
3929,357,6732
3930,357,7632
3931,357,9292
3932,358,519
3933,358,1469
3934,358,1681
3935,358,3011
3936,358,431
3937,358,4392
3938,358,4601
3939,358,4646
3940,358,5344
3941,358,7228
3942,358,8298
3943,358,8544
3944,358,8631
3945,358,8903
3946,358,9355
3947,359,988
3948,359,1703
3949,359,2211
3950,359,2395
3951,359,2664
3952,359,271
3953,359,3285
3954,359,3332
3955,359,3398
3956,359,3572
3957,359,3613
3958,359,4055
3959,359,8757
3960,359,8909
3961,359,9199
3962,360,406
3963,360,852
3964,360,1802
3965,360,1982
3966,360,2106
3967,360,2149
3968,360,2442
3969,360,317
3970,360,6655
3971,361,732
3972,361,754
3973,361,82
3974,361,1134
3975,361,1591
3976,361,1625
3977,361,2903
3978,361,4468
3979,361,469
3980,361,5234
3981,361,5745
3982,361,6199
3983,361,7416
3984,361,9314
3985,361,9689
3986,362,97
3987,362,2377
3988,362,2997
3989,362,3082
3990,362,3896
3991,362,4389
3992,362,4534
3993,362,5327
3994,362,5438
3995,362,5535
3996,362,5565
3997,362,5575
3998,362,572
3999,362,6076
4000,362,6206
4001,362,9331
4002,362,9514
4003,362,9548
4004,363,2603
4005,363,3096
4006,363,4708
4007,363,6018
4008,363,6604
4009,363,7116
4010,363,7784
4011,363,7909
4012,363,9725
4013,363,9902
4014,364,347
4015,364,737
4016,364,1462
4017,364,1493
4018,364,1974
4019,364,3121
4020,364,3477
4021,364,3524
4022,364,3836
4023,364,3904
4024,364,4389
4025,364,4405
4026,364,4715
4027,364,4748
4028,365,161
4029,365,13
4030,365,249
4031,365,294
4032,365,5
4033,365,7816
4034,365,7912
4035,365,9121
4036,366,1692
4037,366,3529
4038,366,3543
4039,366,3579
4040,366,3717
4041,366,8118
4042,366,9277
4043,367,156
4044,367,777
4045,367,1119
4046,367,1488
4047,367,1539
4048,367,5235
4049,367,5779
4050,367,7131
4051,367,7549
4052,367,7835
4053,367,8058
4054,367,8752
4055,367,9007
4056,367,9436
4057,367,9521
4058,368,755
4059,368,839
4060,368,1935
4061,368,3089
4062,368,7722
4063,368,933
4064,369,421
4065,369,1779
4066,369,228
4067,369,3872
4068,369,676
4069,369,68
4070,369,6971
4071,369,9784
4072,370,197
4073,370,364
4074,370,473
4075,370,3765
4076,370,4216
4077,370,4429
4078,370,4866
4079,370,5037
4080,370,5147
4081,370,5531
4082,370,6122
4083,370,6469
4084,370,6591
4085,370,8395
4086,371,989
4087,371,1329
4088,371,1454
4089,371,2918
4090,371,3117
4091,371,4305
4092,371,4368
4093,371,5561
4094,371,5697
4095,371,5716
4096,371,6397
4097,371,648
4098,372,3066
4099,372,3404
4100,372,3518
4101,372,4676
4102,372,4995
4103,372,5012
4104,372,7641
4105,372,7725
4106,373,3749
4107,373,421
4108,373,6574
4109,373,8329
4110,373,8389
4111,373,8487
4112,373,8869
4113,373,8886
4114,373,9006
4115,373,9115
4116,373,9394
4117,373,9704
4118,374,218
4119,374,2645
4120,374,2887
4121,374,294
4122,374,2967
4123,374,3109
4124,374,4676
4125,374,524
4126,374,5477
4127,374,7589
4128,374,785
4129,374,8253
4130,374,8607
4131,374,9064
4132,374,9401
4133,374,9509
4134,374,9933
4135,375,816
4136,375,4464
4137,375,4848
4138,375,5621
4139,375,5926
4140,375,6076
4141,375,696
4142,376,401
4143,376,601
4144,376,1144
4145,376,1364
4146,376,1565
4147,376,366
4148,376,3955
4149,376,4188
4150,376,4678
4151,376,4944
4152,376,5209
4153,376,5325
4154,376,5543
4155,376,6304
4156,376,6577
4157,376,8057
4158,376,8894
4159,377,231
4160,377,1662
4161,377,2583
4162,377,4323
4163,377,5158
4164,377,5477
4165,377,5893
4166,377,6427
4167,378,785
4168,378,2695
4169,378,4696
4170,378,6101
4171,378,6245
4172,378,7969
4173,378,8499
4174,378,8871
4175,378,8956
4176,378,9123
4177,378,9165
4178,378,9367
4179,378,9503
4180,378,9773
4181,379,2019
4182,379,2881
4183,379,3422
4184,379,5361
4185,379,5427
4186,379,609
4187,379,6105
4188,379,6215
4189,379,6678
4190,379,7618
4191,379,7769
4192,379,7826
4193,379,7977
4194,380,1161
4195,380,1524
4196,380,1791
4197,380,1935
4198,380,4594
4199,380,4887
4200,380,5267
4201,380,6051
4202,380,6426
4203,381,1665
4204,381,179
4205,381,1907
4206,381,2024
4207,381,2957
4208,381,3041
4209,381,3098
4210,381,3228
4211,381,3705
4212,381,3957
4213,381,4145
4214,381,4495
4215,381,4529
4216,381,7102
4217,381,875
4218,381,9537
4219,381,9933
4220,382,511
4221,382,3859
4222,382,4358
4223,382,4509
4224,382,4727
4225,382,604
4226,382,6208
4227,382,6952
4228,382,8181
4229,382,8285
4230,382,9404
4231,383,
4232,383,278
4233,383,638
4234,383,2958
4235,383,341
4236,383,4678
4237,383,5095
4238,383,5573
4239,383,7418
4240,383,7442
4241,383,824
4242,383,8249
4243,383,8578
4244,383,864
4245,383,8682
4246,383,9581
4247,383,9866
4248,384,804
4249,384,1557
4250,384,2419
4251,384,2494
4252,384,4509
4253,384,6923
4254,384,7674
4255,385,1806
4256,385,3204
4257,385,3374
4258,385,3409
4259,385,3685
4260,385,4322
4261,385,7863
4262,385,8373
4263,385,8601
4264,385,9597
4265,386,684
4266,386,108
4267,386,1351
4268,386,238
4269,386,5025
4270,386,7948
4271,387,802
4272,387,1651
4273,387,3092
4274,387,3334
4275,387,3534
4276,387,4458
4277,387,4615
4278,387,4669
4279,387,5153
4280,387,5298
4281,387,5744
4282,387,5859
4283,387,6308
4284,387,6349
4285,387,639
4286,387,6418
4287,387,6594
4288,387,662
4289,387,7353
4290,387,747
4291,387,9713
4292,388,1335
4293,388,1371
4294,388,1508
4295,388,1875
4296,388,2152
4297,389,538
4298,389,908
4299,389,1695
4300,389,1919
4301,389,2071
4302,389,5131
4303,389,5434
4304,389,5805
4305,389,6848
4306,389,7015
4307,389,7785
4308,389,8301
4309,389,8356
4310,389,8901
4311,389,9557
4312,389,9607
4313,390,31
4314,390,87
4315,390,231
4316,390,462
4317,390,728
4318,390,3295
4319,390,3451
4320,390,4385
4321,390,4446
4322,390,475
4323,390,6465
4324,390,679
4325,390,8855
4326,391,1041
4327,391,1924
4328,391,2672
4329,391,3773
4330,391,4289
4331,391,7354
4332,391,7732
4333,391,7836
4334,391,7885
4335,391,8438
4336,391,8682
4337,391,8695
4338,391,9013
4339,392,932
4340,392,2
4341,392,2287
4342,392,2422
4343,392,3603
4344,392,6831
4345,392,7566
4346,392,7977
4347,392,8795
4348,392,9929
4349,393,1596
4350,393,2694
4351,393,32
4352,393,4474
4353,393,5399
4354,393,9401
4355,393,9536
4356,393,9626
4357,394,4213
4358,394,4752
4359,394,4855
4360,394,7898
4361,394,8954
4362,394,9297
4363,394,9401
4364,395,463
4365,395,633
4366,395,2195
4367,395,3678
4368,395,3819
4369,395,444
4370,395,4511
4371,395,7089
4372,395,8214
4373,395,8242
4374,395,8555
4375,395,9289
4376,396,206
4377,396,27
4378,396,1106
4379,396,1761
4380,396,3599
4381,396,5039
4382,396,5644
4383,396,6875
4384,396,7492
4385,396,7675
4386,397,1222
4387,397,1391
4388,397,216
4389,397,2271
4390,397,2307
4391,397,4364
4392,397,4756
4393,397,7348
4394,397,9681
4395,397,9704
4396,398,18
4397,398,1429
4398,398,1638
4399,398,3053
4400,398,3113
4401,398,6462
4402,398,6801
4403,398,8718
4404,399,2288
4405,399,493
4406,399,7019
4407,399,7256
4408,399,7293
4409,400,1425
4410,400,8841
4411,400,9026
4412,401,224
4413,401,769
4414,401,866
4415,401,9
4416,401,189
4417,401,2905
4418,401,3284
4419,401,3324
4420,401,3436
4421,401,3468
4422,401,3796
4423,401,4376
4424,401,5656
4425,401,5735
4426,401,6477
4427,401,7073
4428,401,9944
4429,402,618
4430,402,1103
4431,402,1584
4432,402,165
4433,402,1689
4434,402,303
4435,402,3738
4436,402,3932
4437,402,4708
4438,402,5217
4439,402,5436
4440,402,5654
4441,402,8928
4442,402,9055
4443,402,9237
4444,402,9344
4445,402,9736
4446,402,9894
4447,403,45
4448,403,717
4449,403,2076
4450,403,2758
4451,403,3141
4452,403,3739
4453,403,4983
4454,403,5137
4455,403,77
4456,403,7712
4457,403,9965
4458,404,89
4459,404,837
4460,404,903
4461,404,1864
4462,404,3177
4463,404,4836
4464,404,6235
4465,404,7947
4466,404,8069
4467,404,919
4468,404,9763
4469,405,1215
4470,405,5144
4471,406,87
4472,406,1499
4473,406,1579
4474,406,1824
4475,406,2225
4476,406,2447
4477,406,2513
4478,406,3273
4479,406,4542
4480,406,4558
4481,406,5973
4482,406,6092
4483,406,7214
4484,406,7228
4485,406,8389
4486,406,8404
4487,406,9156
4488,406,9248
4489,407,1007
4490,407,6604
4491,407,7314
4492,407,8388
4493,407,9625
4494,408,453
4495,408,1229
4496,408,1973
4497,408,2902
4498,408,3065
4499,408,497
4500,408,617
4501,408,738
4502,408,7552
4503,409,1272
4504,409,1471
4505,409,1974
4506,409,2436
4507,409,486
4508,409,6387
4509,409,7203
4510,409,8421
4511,410,1088
4512,410,2218
4513,410,6703
4514,410,8252
4515,410,9119
4516,411,895
4517,411,1267
4518,411,2507
4519,411,2654
4520,411,2882
4521,411,3115
4522,411,6596
4523,411,6889
4524,411,7181
4525,411,7633
4526,411,7682
4527,411,8518
4528,411,9766
4529,412,441
4530,412,1518
4531,412,3416
4532,412,368
4533,412,4154
4534,412,5421
4535,412,641
4536,412,7306
4537,412,7595
4538,412,8215
4539,412,8655
4540,412,9748
4541,413,3418
4542,413,4757
4543,413,4994
4544,413,5546
4545,413,6519
4546,413,6883
4547,413,798
4548,413,8095
4549,413,8278
4550,413,9218
4551,413,9293
4552,414,1361
4553,414,1952
4554,414,2434
4555,414,2525
4556,414,3453
4557,414,3645
4558,414,5155
4559,414,6592
4560,415,4533
4561,415,4893
4562,415,494
4563,415,5565
4564,415,5806
4565,415,6187
4566,415,6373
4567,415,6738
4568,415,6858
4569,415,7438
4570,415,764
4571,415,775
4572,415,9193
4573,416,2187
4574,416,227
4575,416,2621
4576,416,3074
4577,416,3114
4578,416,3963
4579,416,4642
4580,416,5709
4581,416,6165
4582,416,6253
4583,416,6283
4584,416,654
4585,416,6971
4586,416,7056
4587,416,7177
4588,416,7211
4589,416,7887
4590,416,8095
4591,416,9199
4592,417,231
4593,417,254
4594,417,504
4595,417,52
4596,417,1775
4597,417,2333
4598,417,3559
4599,417,4828
4600,417,5844
4601,417,7141
4602,417,739
4603,417,7558
4604,417,7589
4605,417,849
4606,418,1575
4607,418,363
4608,418,3786
4609,418,3871
4610,418,4154
4611,418,44
4612,418,5924
4613,418,6298
4614,418,701
4615,418,7569
4616,419,589
4617,419,1935
4618,419,2215
4619,419,3091
4620,419,4008
4621,419,4148
4622,419,499
4623,419,8172
4624,419,9791
4625,420,654
4626,420,821
4627,420,1508
4628,420,3447
4629,420,3461
4630,420,4873
4631,420,5268
4632,420,5839
4633,420,6502
4634,420,97
4635,421,863
4636,421,1106
4637,421,2094
4638,421,2511
4639,421,3475
4640,421,3881
4641,421,4085
4642,421,5795
4643,421,8287
4644,421,8508
4645,421,8675
4646,422,978
4647,422,3404
4648,422,4187
4649,422,4274
4650,422,4321
4651,422,5053
4652,422,5323
4653,422,5351
4654,422,5774
4655,422,668
4656,423,2484
4657,423,3892
4658,423,4052
4659,423,495
4660,423,5045
4661,423,5212
4662,423,6775
4663,423,6868
4664,423,8714
4665,423,9395
4666,423,9695
4667,423,9741
4668,423,9769
4669,424,197
4670,424,362
4671,424,1205
4672,424,3695
4673,424,4172
4674,424,7761
4675,424,8527
4676,424,9224
4677,425,2492
4678,425,269
4679,425,5043
4680,425,6221
4681,425,6452
4682,425,8438
4683,425,8545
4684,425,8577
4685,425,8807
4686,426,1242
4687,426,1357
4688,426,1371
4689,426,1488
4690,426,1718
4691,426,1897
4692,426,1972
4693,426,2119
4694,426,2136
4695,426,2202
4696,426,2423
4697,426,285
4698,426,2966
4699,426,3107
4700,426,3199
4701,426,3315
4702,426,4116
4703,426,4429
4704,426,4847
4705,426,5378
4706,426,8018
4707,426,8827
4708,427,504
4709,427,564
4710,427,734
4711,427,758
4712,427,15
4713,427,2035
4714,427,2408
4715,427,2674
4716,427,2756
4717,427,285
4718,427,348
4719,427,4254
4720,427,4482
4721,427,4962
4722,427,4996
4723,427,5452
4724,427,5704
4725,427,5714
4726,427,593
4727,427,6212
4728,427,6295
4729,427,631
4730,428,2351
4731,428,5183
4732,428,5714
4733,428,5815
4734,428,6587
4735,428,6774
4736,428,6858
4737,428,6949
4738,428,73
4739,428,7473
4740,428,861
4741,428,9657
4742,429,56
4743,429,654
4744,429,992
4745,429,1853
4746,429,2372
4747,430,4124
4748,430,4478
4749,430,4527
4750,430,4605
4751,430,4667
4752,430,4696
4753,430,4994
4754,430,5012
4755,430,5065
4756,430,7082
4757,430,8595
4758,430,9089
4759,430,9223
4760,430,9622
4761,431,293
4762,431,314
4763,431,421
4764,431,701
4765,431,1582
4766,431,1615
4767,431,6377
4768,431,7284
4769,431,7716
4770,431,8129
4771,432,255
4772,432,1281
4773,432,1748
4774,432,2183
4775,432,3772
4776,432,3788
4777,432,4477
4778,432,6159
4779,432,6558
4780,432,8396
4781,432,8455
4782,432,8752
4783,432,9805
4784,434,563
4785,434,1469
4786,434,1565
4787,434,1636
4788,434,2
4789,434,2189
4790,434,288
4791,434,3085
4792,434,4346
4793,434,4695
4794,434,5147
4795,434,516
4796,434,5722
4797,434,5887
4798,434,6251
4799,434,6292
4800,434,7641
4801,434,9859
4802,435,583
4803,435,957
4804,435,1213
4805,435,1325
4806,435,135
4807,435,1494
4808,435,3707
4809,435,467
4810,435,4881
4811,435,5058
4812,435,5241
4813,435,5283
4814,435,5511
4815,435,5698
4816,435,6341
4817,435,9304
4818,436,155
4819,436,551
4820,436,574
4821,436,1835
4822,436,277
4823,436,2817
4824,436,2848
4825,436,2883
4826,436,3344
4827,436,4464
4828,436,499
4829,436,5375
4830,436,5716
4831,436,5962
4832,436,7166
4833,436,7512
4834,436,7707
4835,436,8538
4836,436,9051
4837,436,978
4838,437,431
4839,437,615
4840,437,904
4841,437,1762
4842,437,2646
4843,437,3063
4844,437,3348
4845,437,3906
4846,437,4187
4847,437,4411
4848,437,4846
4849,437,4887
4850,437,4904
4851,437,4994
4852,437,5022
4853,437,5052
4854,437,736
4855,437,7683
4856,438,202
4857,438,832
4858,438,2141
4859,438,2206
4860,438,3716
4861,438,6537
4862,438,6772
4863,438,6822
4864,438,7527
4865,438,7543
4866,438,7576
4867,438,7613
4868,438,7907
4869,439,1855
4870,439,2228
4871,439,4125
4872,439,6039
4873,439,8489
4874,439,8527
4875,439,8564
4876,439,9291
4877,440,695
4878,440,2231
4879,440,4429
4880,440,5034
4881,440,6756
4882,440,6918
4883,440,8175
4884,440,8439
4885,440,8784
4886,440,887
4887,440,9061
4888,440,9248
4889,440,9448
4890,441,12
4891,441,4769
4892,441,5361
4893,441,5456
4894,441,5815
4895,441,6154
4896,441,7398
4897,441,881
4898,441,9274
4899,442,2066
4900,442,2179
4901,442,315
4902,442,4572
4903,442,4901
4904,442,6252
4905,442,7963
4906,442,815
4907,442,9598
4908,442,989
4909,443,193
4910,443,535
4911,443,933
4912,443,111
4913,443,1369
4914,443,2393
4915,443,2489
4916,443,2627
4917,443,2702
4918,443,3535
4919,443,3636
4920,443,503
4921,443,7442
4922,443,7578
4923,443,8511
4924,444,7
4925,444,2391
4926,444,2843
4927,444,5263
4928,444,6644
4929,444,6853
4930,444,6876
4931,444,8358
4932,445,2435
4933,445,2469
4934,445,293
4935,445,3117
4936,445,3568
4937,445,5633
4938,445,5897
4939,445,6172
4940,445,831
4941,445,8326
4942,445,9074
4943,445,9863
4944,446,
4945,446,331
4946,446,952
4947,446,1004
4948,446,1513
4949,446,2067
4950,446,4207
4951,446,443
4952,446,4543
4953,446,5787
4954,446,853
4955,446,9194
4956,446,9422
4957,446,9439
4958,447,185
4959,447,801
4960,447,1029
4961,447,1394
4962,447,4016
4963,447,5172
4964,447,5496
4965,447,6432
4966,447,7609
4967,447,9294
4968,448,61
4969,448,846
4970,448,2205
4971,448,2523
4972,448,2701
4973,448,6373
4974,448,6635
4975,448,8443
4976,448,9235
4977,448,9308
4978,448,9854
4979,449,36
4980,449,61
4981,449,348
4982,449,1364
4983,449,2198
4984,449,3442
4985,449,3639
4986,449,3939
4987,449,5334
4988,449,5566
4989,449,5795
4990,449,6212
4991,449,642
4992,449,7093
4993,449,7559
4994,449,7857
4995,449,8309
4996,449,8358
4997,449,865
4998,449,8728
4999,449,9786
5000,450,574
5001,450,707
5002,450,837
5003,450,1512
5004,450,1547
5005,450,1753
5006,450,2246
5007,450,287
5008,450,29
5009,450,3186
5010,450,3584
5011,450,3603
5012,450,3659
5013,450,5888
5014,450,6036
5015,450,6857
5016,450,7001
5017,450,7135
5018,450,719
5019,450,7571
5020,450,854
5021,451,751
5022,451,1326
5023,451,1356
5024,451,337
5025,451,3462
5026,451,5205
5027,451,5697
5028,451,5972
5029,451,6456
5030,451,65
5031,451,8343
5032,451,9009
5033,452,552
5034,452,1491
5035,452,66
5036,452,7842
5037,452,8591
5038,452,894
5039,452,9085
5040,452,9169
5041,452,943
5042,452,9492
5043,453,246
5044,453,4458
5045,453,4773
5046,453,5263
5047,453,5973
5048,453,8106
5049,453,9214
5050,453,9476
5051,454,26
5052,454,2951
5053,454,4532
5054,454,4981
5055,454,8767
5056,455,986
5057,455,1524
5058,455,1731
5059,455,7359
5060,455,7639
5061,455,8668
5062,455,8736
5063,456,585
5064,456,858
5065,456,2004
5066,456,2071
5067,456,2191
5068,456,2382
5069,456,2621
5070,456,5243
5071,456,6893
5072,456,6933
5073,456,7123
5074,456,7238
5075,456,8084
5076,456,866
5077,456,8859
5078,456,9428
5079,456,975
5080,457,1608
5081,457,275
5082,457,4268
5083,457,6024
5084,457,6459
5085,457,6811
5086,457,6926
5087,457,6958
5088,457,735
5089,457,7624
5090,457,7704
5091,457,9058
5092,458,208
5093,458,1339
5094,458,1423
5095,458,1585
5096,458,1612
5097,458,2199
5098,458,2741
5099,458,3201
5100,458,3399
5101,458,3607
5102,458,545
5103,458,5705
5104,458,6615
5105,458,6757
5106,458,6969
5107,458,8432
5108,458,8473
5109,458,8486
5110,458,913
5111,458,938
5112,459,893
5113,459,277
5114,459,3216
5115,459,4353
5116,459,4745
5117,459,4762
5118,459,4902
5119,459,512
5120,459,5382
5121,459,5457
5122,459,5494
5123,459,7691
5124,460,4016
5125,460,4367
5126,460,5026
5127,460,5835
5128,460,5978
5129,460,6777
5130,460,9207
5131,461,1705
5132,461,2679
5133,461,2959
5134,461,3101
5135,461,4628
5136,461,5026
5137,461,6994
5138,461,7342
5139,461,8244
5140,461,8542
5141,461,8806
5142,461,9017
5143,461,9089
5144,461,9702
5145,462,246
5146,462,376
5147,462,741
5148,462,156
5149,462,4361
5150,462,4606
5151,462,4879
5152,462,5032
5153,462,5206
5154,462,558
5155,462,5677
5156,462,5932
5157,462,6104
5158,462,9704
5159,463,382
5160,463,1633
5161,463,256
5162,463,6307
5163,463,9828
5164,464,
5165,464,1574
5166,464,2138
5167,464,6906
5168,464,6993
5169,465,51
5170,465,1887
5171,465,213
5172,465,6464
5173,465,7032
5174,465,7362
5175,465,7446
5176,465,7619
5177,465,7689
5178,465,8111
5179,465,8681
5180,465,8729
5181,465,8884
5182,466,55
5183,466,132
5184,466,891
5185,466,321
5186,466,4018
5187,466,4072
5188,466,4182
5189,466,443
5190,466,4579
5191,466,5003
5192,466,5031
5193,466,5786
5194,466,646
5195,466,9603
5196,467,3052
5197,467,3859
5198,467,6034
5199,467,7513
5200,467,8541
5201,467,9491
5202,468,454
5203,468,235
5204,468,3653
5205,468,4378
5206,468,6249
5207,468,8789
5208,468,9797
5209,469,508
5210,469,546
5211,469,614
5212,469,718
5213,469,4919
5214,469,5058
5215,469,8616
5216,469,9162
5217,470,84
5218,470,161
5219,470,1756
5220,470,4924
5221,470,5712
5222,470,685
5223,470,6896
5224,470,7114
5225,470,7513
5226,470,8889
5227,470,9198
5228,471,3678
5229,471,5113
5230,471,6424
5231,471,706
5232,471,7576
5233,471,7604
5234,471,8431
5235,471,8557
5236,472,433
5237,472,875
5238,472,1688
5239,472,3227
5240,472,3552
5241,472,5662
5242,472,8072
5243,472,9144
5244,472,9554
5245,473,3603
5246,473,3618
5247,473,3932
5248,473,4566
5249,473,4763
5250,473,4937
5251,473,5059
5252,473,5146
5253,473,6026
5254,473,6368
5255,473,7063
5256,473,7661
5257,473,7823
5258,474,1394
5259,474,1661
5260,474,1908
5261,474,2052
5262,474,2368
5263,474,4346
5264,474,5113
5265,474,514
5266,474,5271
5267,474,6177
5268,474,7293
5269,474,7328
5270,474,7405
5271,474,7457
5272,474,7859
5273,474,8135
5274,474,9645
5275,475,1539
5276,475,2343
5277,475,3548
5278,475,4344
5279,475,4713
5280,475,4741
5281,475,5086
5282,475,7525
5283,475,8721
5284,476,542
5285,476,1123
5286,476,1194
5287,476,1537
5288,476,2269
5289,476,2319
5290,476,3245
5291,476,4536
5292,476,5222
5293,476,6
5294,476,6563
5295,476,7778
5296,476,812
5297,476,835
5298,476,8706
5299,477,2448
5300,477,2845
5301,477,3004
5302,477,393
5303,477,4095
5304,477,4372
5305,477,4826
5306,477,4935
5307,477,5423
5308,477,549
5309,477,5554
5310,477,6492
5311,477,6752
5312,477,7022
5313,477,819
5314,477,8255
5315,477,8647
5316,477,8716
5317,478,1048
5318,478,1667
5319,478,1683
5320,478,2361
5321,478,2459
5322,478,2688
5323,478,2849
5324,478,2995
5325,478,3043
5326,478,3299
5327,478,3336
5328,478,4052
5329,478,4266
5330,478,4303
5331,478,4677
5332,478,4829
5333,478,4893
5334,478,5065
5335,478,5393
5336,478,8688
5337,478,884
5338,478,9292
5339,479,1134
5340,479,4005
5341,479,4311
5342,479,4376
5343,479,5093
5344,479,5329
5345,479,5867
5346,479,6149
5347,480,28
5348,480,411
5349,480,504
5350,480,687
5351,480,734
5352,480,752
5353,480,6693
5354,480,944
5355,480,9753
5356,481,1202
5357,481,3062
5358,481,6478
5359,481,6977
5360,481,9175
5361,482,1161
5362,482,2213
5363,482,4925
5364,482,5029
5365,482,5519
5366,482,6535
5367,482,9591
5368,483,2281
5369,483,2333
5370,483,2705
5371,483,4155
5372,484,1448
5373,484,1467
5374,484,1547
5375,484,1567
5376,484,1796
5377,484,2007
5378,484,2023
5379,484,2302
5380,484,2568
5381,484,2999
5382,484,4844
5383,484,6781
5384,484,7641
5385,484,7763
5386,484,7902
5387,484,8325
5388,485,2893
5389,485,3131
5390,485,5152
5391,485,5292
5392,485,8077
5393,486,299
5394,486,3145
5395,486,3359
5396,486,3526
5397,486,4634
5398,486,5605
5399,486,6817
5400,487,105
5401,487,244
5402,487,1207
5403,487,2763
5404,487,3276
5405,487,5785
5406,487,6512
5407,488,88
5408,488,634
5409,488,1106
5410,488,1199
5411,488,2205
5412,488,2365
5413,488,7476
5414,488,8466
5415,488,8975
5416,488,9486
5417,489,12
5418,489,479
5419,489,1755
5420,489,5665
5421,489,6971
5422,489,715
5423,489,788
5424,489,936
5425,490,4021
5426,490,5095
5427,490,7142
5428,490,7359
5429,490,7908
5430,490,8587
5431,490,9714
5432,491,325
5433,491,4079
5434,491,4234
5435,491,4544
5436,491,514
5437,491,7532
5438,492,1169
5439,492,1466
5440,492,2019
5441,492,3351
5442,492,3739
5443,492,4029
5444,492,4089
5445,492,4464
5446,492,5719
5447,492,5895
5448,492,8439
5449,493,1072
5450,493,5702
5451,493,5945
5452,493,5985
5453,493,6413
5454,493,6735
5455,493,847
5456,493,8662
5457,493,8716
5458,493,8796
5459,493,8962
5460,494,1654
5461,494,1695
5462,494,2244
5463,494,2988
5464,494,5673
5465,494,6105
5466,494,9005
5467,494,9785
5468,495,568
5469,495,1226
5470,495,1269
5471,495,1375
5472,495,2067
5473,495,5475
5474,495,7271
5475,495,8851
5476,495,91
5477,495,9742
5478,496,374
5479,496,504
5480,496,888
5481,496,925
5482,496,1087
5483,496,1155
5484,496,1219
5485,496,1264
5486,496,1401
5487,496,1624
5488,496,1697
5489,496,1979
5490,496,2048
5491,496,2437
5492,496,2962
5493,496,3005
5494,496,307
5495,496,3125
5496,496,3634
5497,496,3691
5498,496,3741
5499,496,4039
5500,496,4143
5501,496,4203
5502,496,4285
5503,496,4348
5504,496,5306
5505,496,5336
5506,496,6032
5507,496,6249
5508,496,6324
5509,496,713
5510,497,331
5511,497,648
5512,497,1239
5513,497,1573
5514,497,1596
5515,497,2022
5516,497,2913
5517,497,3133
5518,497,3367
5519,497,3448
5520,497,3509
5521,497,3734
5522,497,4014
5523,497,4139
5524,497,5348
5525,497,5364
5526,497,5503
5527,497,5553
5528,497,5591
5529,498,6933
5530,498,9841
5531,499,389
5532,499,537
5533,499,1143
5534,499,717
5535,499,7256
5536,499,7327
5537,499,9922
5538,500,1056
5539,500,2373
5540,500,3121
5541,500,6013
5542,500,6634
5543,500,7107
5544,500,7506
5545,500,8248
5546,501,1111
5547,501,2341
5548,501,3344
5549,501,415
5550,501,5745
5551,501,7914
5552,501,9806
5553,501,9928
5554,502,431
5555,502,705
5556,502,1248
5557,502,2449
5558,502,4259
5559,502,4844
5560,502,5866
5561,502,616
5562,503,2274
5563,503,2892
5564,503,3016
5565,503,379
5566,503,4175
5567,503,7093
5568,503,8609
5569,503,9451
5570,503,9733
5571,504,686
5572,504,1286
5573,504,232
5574,504,2591
5575,504,271
5576,504,3423
5577,504,3679
5578,504,7264
5579,504,837
5580,504,8569
5581,504,884
5582,504,9713
5583,505,1598
5584,505,3814
5585,505,3904
5586,505,4093
5587,505,8024
5588,505,8917
5589,505,8966
5590,505,9185
5591,505,9215
5592,505,9231
5593,506,672
5594,506,1467
5595,506,4349
5596,506,6108
5597,506,6557
5598,506,8059
5599,506,9435
5600,507,601
5601,507,917
5602,507,956
5603,507,101
5604,507,187
5605,507,2339
5606,507,2526
5607,507,2697
5608,507,2739
5609,507,3709
5610,507,3819
5611,507,5508
5612,507,8735
5613,507,9257
5614,508,132
5615,508,258
5616,508,597
5617,508,647
5618,508,4619
5619,508,5059
5620,508,5165
5621,508,6786
5622,508,8072
5623,509,811
5624,509,2982
5625,509,5018
5626,509,6395
5627,509,8712
5628,509,913
5629,510,2217
5630,510,2335
5631,510,341
5632,510,4168
5633,510,424
5634,510,6382
5635,510,6408
5636,510,6619
5637,510,6916
5638,510,789
5639,511,679
5640,511,84
5641,511,1061
5642,511,13
5643,511,3455
5644,511,3629
5645,511,3805
5646,511,3905
5647,511,4031
5648,511,4458
5649,511,4903
5650,511,5248
5651,511,5512
5652,511,584
5653,511,6253
5654,511,7146
5655,511,7368
5656,512,907
5657,512,1272
5658,512,1402
5659,512,1544
5660,512,4027
5661,512,5066
5662,512,5844
5663,512,6762
5664,512,6861
5665,512,7274
5666,512,8599
5667,512,9171
5668,512,937
5669,512,9447
5670,513,459
5671,513,129
5672,513,1618
5673,513,1664
5674,513,185
5675,513,1899
5676,513,2184
5677,513,22
5678,513,441
5679,513,601
5680,513,7432
5681,513,7599
5682,513,7979
5683,513,8021
5684,513,821
5685,513,8581
5686,514,2052
5687,514,2145
5688,514,4782
5689,514,5531
5690,514,662
5691,514,7772
5692,514,8418
5693,515,1299
5694,515,261
5695,515,4233
5696,515,7599
5697,516,688
5698,516,996
5699,516,1332
5700,516,1902
5701,516,345
5702,516,7002
5703,516,7212
5704,517,2062
5705,517,2257
5706,517,2638
5707,517,3109
5708,517,3232
5709,517,3291
5710,517,4012
5711,517,5255
5712,517,557
5713,517,5834
5714,517,6887
5715,518,183
5716,518,729
5717,518,3666
5718,518,5126
5719,518,586
5720,518,808
5721,518,9187
5722,518,9406
5723,519,155
5724,519,617
5725,519,833
5726,519,5084
5727,519,515
5728,519,5826
5729,519,5916
5730,519,6093
5731,519,7534
5732,519,8438
5733,519,9231
5734,520,1236
5735,520,2292
5736,520,4945
5737,520,637
5738,520,6588
5739,520,6875
5740,520,7282
5741,520,7324
5742,520,7481
5743,520,812
5744,520,911
5745,520,962
5746,520,9756
5747,520,9795
5748,520,996
5749,521,117
5750,521,2583
5751,521,3321
5752,521,3902
5753,521,4146
5754,521,4367
5755,521,5584
5756,521,5707
5757,521,6218
5758,521,6357
5759,521,6645
5760,521,772
5761,521,8719
5762,522,5259
5763,523,1272
5764,523,1603
5765,523,1618
5766,523,2014
5767,523,5726
5768,523,6728
5769,523,8405
5770,523,9206
5771,523,9612
5772,524,243
5773,524,287
5774,524,444
5775,524,486
5776,524,572
5777,524,161
5778,524,1924
5779,524,3104
5780,524,3617
5781,524,377
5782,524,3842
5783,524,4475
5784,524,4778
5785,524,5885
5786,524,6099
5787,524,8286
5788,524,929
5789,524,9531
5790,525,144
5791,525,1492
5792,525,1853
5793,525,437
5794,525,4519
5795,525,4996
5796,525,5105
5797,525,5302
5798,525,5529
5799,525,5686
5800,525,6252
5801,525,6993
5802,525,7542
5803,525,8313
5804,525,834
5805,525,8494
5806,525,8615
5807,525,8693
5808,526,1302
5809,526,1957
5810,526,2031
5811,526,223
5812,526,245
5813,526,2966
5814,526,3181
5815,526,3316
5816,526,3436
5817,526,3593
5818,526,46
5819,526,4632
5820,526,7364
5821,526,773
5822,526,8872
5823,526,9069
5824,526,9966
5825,527,108
5826,527,1355
5827,527,3948
5828,527,422
5829,527,4295
5830,527,5485
5831,527,5536
5832,527,5577
5833,527,6126
5834,527,9272
5835,527,947
5836,527,9886
5837,527,9947
5838,528,6
5839,528,306
5840,528,357
5841,528,1485
5842,528,1704
5843,528,1747
5844,528,1865
5845,528,2096
5846,528,3471
5847,528,4507
5848,528,4594
5849,528,6194
5850,528,6353
5851,528,8478
5852,529,137
5853,529,1501
5854,529,1607
5855,529,2015
5856,529,2052
5857,529,2698
5858,529,2842
5859,529,3191
5860,529,3344
5861,529,3587
5862,529,3636
5863,529,4032
5864,529,4073
5865,529,4214
5866,529,4627
5867,529,4731
5868,529,504
5869,529,8238
5870,530,892
5871,530,3908
5872,530,4269
5873,530,4364
5874,530,4435
5875,530,489
5876,530,5567
5877,530,5851
5878,530,7112
5879,530,7288
5880,531,321
5881,531,3385
5882,531,408
5883,531,4248
5884,531,4339
5885,531,4503
5886,532,377
5887,532,4464
5888,532,5273
5889,532,5329
5890,532,8255
5891,532,9143
5892,532,9788
5893,533,107
5894,533,151
5895,533,3502
5896,533,4418
5897,533,4817
5898,533,4941
5899,533,631
5900,533,6916
5901,533,7456
5902,533,9748
5903,534,406
5904,534,1717
5905,534,1808
5906,534,5498
5907,534,591
5908,534,6545
5909,534,7285
5910,534,8054
5911,534,8575
5912,534,9163
5913,534,9193
5914,534,9222
5915,534,9464
5916,535,434
5917,535,749
5918,535,623
5919,535,679
5920,535,7151
5921,535,8239
5922,535,8294
5923,535,8936
5924,535,9365
5925,535,9732
5926,535,9774
5927,536,8
5928,536,1415
5929,536,1428
5930,536,1916
5931,536,4718
5932,536,5377
5933,536,5518
5934,536,5783
5935,536,6271
5936,536,6346
5937,536,6508
5938,536,7145
5939,536,7255
5940,536,7649
5941,536,7694
5942,536,7953
5943,536,8118
5944,536,8764
5945,536,898
5946,536,9145
5947,537,768
5948,537,862
5949,537,1002
5950,537,163
5951,537,1934
5952,537,1985
5953,537,2154
5954,537,227
5955,537,319
5956,537,3211
5957,537,3324
5958,537,5188
5959,537,6533
5960,537,9723
5961,537,9979
5962,538,42
5963,538,439
5964,538,846
5965,538,1464
5966,538,2007
5967,538,2166
5968,538,2249
5969,538,2486
5970,538,3494
5971,538,3715
5972,538,4005
5973,538,4818
5974,538,6339
5975,538,7873
5976,538,8467
5977,538,8871
5978,539,204
5979,539,1288
5980,540,2036
5981,540,246
5982,540,2902
5983,540,3195
5984,540,3486
5985,540,3853
5986,540,4204
5987,540,4806
5988,540,4948
5989,540,7376
5990,540,811
5991,540,8662
5992,541,287
5993,541,868
5994,541,35
5995,541,3864
5996,541,405
5997,541,5251
5998,541,94
5999,541,9638
6000,541,9775
6001,541,9826
6002,542,7736
6003,543,373
6004,543,992
6005,543,2066
6006,543,3409
6007,543,4438
6008,543,4589
6009,543,5792
6010,543,587
6011,543,5957
6012,543,5982
6013,543,7952
6014,543,9128
6015,544,554
6016,544,669
6017,544,952
6018,544,1194
6019,544,2076
6020,544,2113
6021,544,2876
6022,544,5026
6023,544,525
6024,544,5786
6025,544,5926
6026,544,6172
6027,544,6193
6028,544,6239
6029,544,6451
6030,544,6682
6031,544,6875
6032,544,6974
6033,544,7031
6034,544,7344
6035,544,766
6036,544,7783
6037,544,7824
6038,544,7838
6039,544,7858
6040,544,8214
6041,544,8379
6042,544,8528
6043,544,9424
6044,544,9585
6045,544,9861
6046,545,45
6047,545,2221
6048,545,226
6049,545,3774
6050,545,4781
6051,545,6314
6052,545,907
6053,545,9094
6054,545,9113
6055,546,732
6056,546,2096
6057,546,3677
6058,546,6626
6059,546,8467
6060,546,9288
6061,546,9695
6062,547,81
6063,547,55
6064,547,604
6065,547,1759
6066,547,244
6067,547,2497
6068,547,2852
6069,547,3618
6070,547,3666
6071,547,4325
6072,547,7007
6073,547,7163
6074,547,8457
6075,547,9016
6076,547,9418
6077,547,9461
6078,548,3737
