"";"V1"
"1";0,0611
"2";0,1571
"3";0,4001
"4";0,5881
"5";0,701
"6";0,7429
"7";0,7439
"8";0,7617
"9";0,7667
"10";0,7678
"11";0,9031
"12";0,9537
"13";0,9612
"14";1,1918
"15";1,3953
"16";1,3967
"17";1,4971
"18";1,7373
"19";1,7438
"20";1,8228
"21";2,393
"22";2,484
"23";2,5384
"24";2,5888
"25";2,6194
"26";2,8044
"27";2,8153
"28";2,8168
"29";2,8196
"30";2,835
"31";2,8436
"32";3,2383
"33";3,4313
"34";3,4431
"35";3,5677
"36";3,6214
"37";3,663
"38";3,6861
"39";4,1311
"40";4,2129
"41";4,4204
"42";4,5614
"43";4,6417
"44";4,7705
"45";4,7819
"46";4,8547
"47";4,878
"48";5,366
"49";5,4039
"50";5,4406
"51";5,4451
"52";5,5342
"53";5,5672
"54";5,5764
"55";5,597
"56";5,6255
"57";5,6469
"58";5,6737
"59";5,7036
"60";6,2183
"61";6,2241
"62";6,272
"63";6,2907
"64";6,3214
"65";6,3564
"66";6,4221
"67";6,4699
"68";6,4731
"69";6,4771
"70";6,7108
"71";7,2232
"72";7,3167
"73";7,6234
"74";7,6963
"75";7,8553
"76";7,9354
"77";7,9865
"78";8,1506
"79";8,1717
"80";8,1733
"81";8,4795
"82";8,6273
"83";8,685
"84";9,0612
"85";9,1121
"86";9,1555
"87";9,1666
"88";9,1974
"89";9,2011
"90";9,4757
"91";9,7853
"92";9,8349
"93";10,0053
"94";10,0901
"95";10,1758
"96";10,1949
"97";10,418
"98";10,4301
"99";10,4412
"100";10,6531
"101";10,6744
"102";10,6788
"103";10,7359
"104";11,1554
"105";11,2555
"106";11,3055
"107";12,0658
"108";12,3677
"109";12,4337
"110";12,4869
"111";12,5963
"112";12,7589
"113";12,8394
"114";12,9166
"115";12,9216
"116";12,9856
"117";13,0044
"118";13,0201
"119";13,3965
"120";13,6034
"121";13,7401
"122";14,1866
"123";14,314
"124";14,3817
"125";14,5138
"126";14,6944
"127";14,7048
"128";14,7145
"129";14,8581
"130";14,9125
"131";15,2001
"132";15,2449
"133";15,2716
"134";15,5862
"135";15,6487
"136";15,6541
"137";15,6731
"138";15,7011
"139";15,7046
"140";15,8825
"141";16,0102
"142";16,1205
"143";16,1509
"144";16,4917
"145";16,5616
"146";16,645
"147";16,7243
"148";16,7404
"149";16,8744
"150";16,9187
"151";16,9573
"152";17,0108
"153";17,0594
"154";17,1894
"155";17,5083
"156";17,5591
"157";17,7148
"158";17,7327
"159";17,8388
"160";17,8732
"161";17,9515
"162";18,4364
"163";18,5114
"164";18,5191
"165";18,6211
"166";18,6681
"167";18,8202
"168";18,9436
"169";18,9501
"170";18,9826
"171";18,994
"172";19,011
"173";19,0224
"174";19,0577
"175";19,0703
"176";19,1287
"177";19,2689
"178";19,4987
"179";19,5394
"180";19,5622
"181";19,5904
"182";19,5926
"183";19,6053
"184";19,6364
"185";19,7352
"186";20,0288
"187";20,5492
"188";20,5547
"189";20,5925
"190";20,6289
"191";20,6438
"192";20,7004
"193";20,7393
"194";20,7456
"195";20,8757
"196";20,9909
"197";21,1788
"198";21,1816
"199";21,2007
"200";21,5121
"201";21,6853
"202";21,7887
"203";21,7974
"204";21,9047
"205";22,2574
"206";22,2933
"207";22,3691
"208";22,4163
"209";22,619
"210";22,7531
"211";22,7871
"212";22,9598
"213";23,0418
"214";23,3861
"215";23,3877
"216";23,4666
"217";23,7042
"218";24,0776
"219";24,1077
"220";24,2465
"221";24,2888
"222";24,2999
"223";24,3031
"224";24,4436
"225";24,6333
"226";24,6527
"227";24,7099
"228";24,881
"229";25,3908
"230";25,4218
"231";25,9087
"232";25,9659
"233";25,9714
"234";25,9908
"235";26,001
"236";26,0218
"237";26,1495
"238";26,4526
"239";26,5282
"240";26,5422
"241";26,5467
"242";26,7092
"243";26,8559
"244";27,0746
"245";27,2082
"246";27,868
"247";27,929
"248";28,0536
"249";28,0574
"250";28,4023
"251";28,4729
"252";28,5097
"253";28,6793
"254";28,7272
"255";28,8635
"256";28,8645
"257";28,8706
"258";28,9918
"259";28,9946
"260";29,0877
"261";29,2529
"262";29,3453
"263";29,4208
"264";29,4671
"265";29,5262
"266";29,6875
"267";30,2967
"268";30,3109
"269";30,3656
"270";30,4221
"271";30,6545
"272";30,6824
"273";30,8508
"274";31,0097
"275";31,2029
"276";31,2479
"277";31,4045
"278";31,4765
"279";31,4891
"280";31,5196
"281";31,6071
"282";31,6136
"283";31,6832
"284";31,709
"285";31,8198
"286";31,857
"287";31,8612
"288";31,9079
"289";31,9108
"290";31,9312
"291";32,1181
"292";32,2297
"293";32,2728
"294";32,2964
"295";32,5605
"296";33,5354
"297";33,6663
"298";33,7873
"299";33,8668
"300";33,8869
"301";33,8952
"302";34,1404
"303";34,1867
"304";34,2141
"305";34,3308
"306";34,6752
"307";34,6802
"308";34,7179
"309";35,0208
"310";35,0296
"311";35,3327
"312";35,3847
"313";35,4623
"314";35,5556
"315";35,6102
"316";35,6166
"317";36,014
"318";36,0469
"319";36,0813
"320";36,0844
"321";36,113
"322";36,1205
"323";36,2336
"324";36,6455
"325";36,657
"326";36,89
"327";36,922
"328";37,1568
"329";37,2767
"330";37,4697
"331";37,6629
"332";37,7615
"333";37,8509
"334";37,9375
"335";37,9401
"336";37,9675
"337";37,9882
"338";37,9972
"339";37,9983
"340";38,0086
"341";38,1481
"342";38,1491
"343";38,4272
"344";38,6118
"345";38,9015
"346";38,9194
"347";38,9427
"348";38,9452
"349";38,9513
"350";38,9528
"351";39,0776
"352";39,2204
"353";39,2262
"354";39,2454
"355";39,6448
"356";39,6485
"357";39,6774
"358";39,707
"359";40,0973
"360";40,333
"361";40,3608
"362";40,365
"363";40,4738
"364";40,4809
"365";40,4998
"366";40,5136
"367";40,5601
"368";40,618
"369";40,6388
"370";40,6472
"371";40,6508
"372";40,7125
"373";40,7672
"374";40,8091
"375";40,8703
"376";40,9847
"377";41,1166
"378";41,6148
"379";41,9541
"380";42,0649
"381";42,1239
"382";42,2027
"383";42,2262
"384";42,2783
"385";42,4219
"386";42,4815
"387";42,4933
"388";42,5652
"389";42,5729
"390";42,766
"391";42,7879
"392";43,0844
"393";43,2796
"394";43,4729
"395";44,059
"396";44,1136
"397";44,4326
"398";44,7058
"399";44,747
"400";44,7635
"401";44,7666
"402";44,7708
"403";44,7816
"404";44,7949
"405";44,8587
"406";44,9092
"407";44,9497
"408";44,9526
"409";44,9787
"410";44,9925
"411";44,9953
"412";45,3433
"413";45,4103
"414";45,4192
"415";45,4236
"416";45,4419
"417";45,4765
"418";45,5168
"419";45,557
"420";45,8901
"421";46,015
"422";46,2095
"423";46,5757
"424";46,6004
"425";46,6067
"426";46,7015
"427";47,1574
"428";47,1817
"429";47,3375
"430";47,4617
"431";47,492
"432";47,5142
"433";47,5157
"434";47,5975
"435";47,7104
"436";48,1243
"437";48,3922
"438";48,4235
"439";48,5398
"440";48,8257
"441";49,0149
"442";49,0594
"443";49,3026
"444";49,3625
"445";49,3644
"446";49,4027
"447";49,4614
"448";49,7171
"449";49,7621
"450";49,8693
"451";50,0462
"452";50,1813
"453";50,1846
"454";50,244
"455";50,2772
"456";50,2934
"457";50,3221
"458";50,3527
"459";50,5759
"460";50,6023
"461";50,6082
"462";50,6481
"463";50,7633
"464";50,9035
"465";50,9051
"466";51,0267
"467";51,2918
"468";51,3306
"469";51,3355
"470";51,3875
"471";51,5054
"472";51,647
"473";52,0928
"474";52,1269
"475";52,1343
"476";52,1708
"477";52,4488
"478";52,5983
"479";52,6057
"480";52,739
"481";53,1023
"482";53,183
"483";53,2093
"484";53,3505
"485";53,3657
"486";53,3694
"487";53,3765
"488";53,3989
"489";54,0151
"490";54,1528
"491";54,2455
"492";54,2881
"493";54,2902
"494";55,8991
"495";55,9599
"496";56,1919
"497";56,4623
"498";56,4774
"499";56,6583
"500";56,7936
"501";57,2111
"502";57,2324
"503";57,2352
"504";57,2635
"505";57,2705
"506";57,277
"507";57,3054
"508";57,3156
"509";57,4425
"510";57,4664
"511";57,5658
"512";57,7623
"513";57,7935
"514";57,8146
"515";57,8762
"516";58,0575
"517";58,2092
"518";58,3023
"519";58,3732
"520";58,539
"521";58,6132
"522";58,7747
"523";58,7893
"524";58,9698
"525";59,0636
"526";59,6916
"527";59,842
"528";60,1106
"529";60,1353
"530";60,2218
"531";60,2393
"532";60,2419
"533";60,3106
"534";60,3221
"535";60,3462
"536";60,4312
"537";60,6662
"538";60,7434
"539";60,7448
"540";60,7556
"541";60,7879
"542";60,7945
"543";61,0082
"544";61,0985
"545";61,1848
"546";61,4648
"547";61,4758
"548";61,6161
"549";61,944
"550";62,1905
"551";62,1917
"552";62,8685
"553";62,9226
"554";63,0332
"555";63,0673
"556";63,0888
"557";63,0994
"558";63,2913
"559";63,2948
"560";63,3687
"561";63,3836
"562";63,4155
"563";63,8896
"564";63,9139
"565";64,0425
"566";64,056
"567";64,154
"568";64,1922
"569";64,2133
"570";64,2304
"571";64,5185
"572";64,5308
"573";64,5742
"574";64,5778
"575";64,6503
"576";64,9815
"577";64,9841
"578";65,0341
"579";65,0662
"580";65,0679
"581";65,0849
"582";65,2006
"583";65,3041
"584";65,8879
"585";65,9297
"586";66,2654
"587";66,4013
"588";66,604
"589";66,9202
"590";66,953
"591";67,0299
"592";67,0384
"593";67,0688
"594";67,1519
"595";67,6657
"596";67,7443
"597";67,9124
"598";68,0199
"599";68,0404
"600";68,2196
"601";69,0136
"602";69,1902
"603";70,1164
"604";70,1735
"605";70,2122
"606";70,2879
"607";70,3211
"608";70,4516
"609";70,5439
"610";70,6394
"611";70,6408
"612";70,6506
"613";70,9116
"614";70,9514
"615";71,0005
"616";71,1431
"617";71,1556
"618";71,1796
"619";71,7305
"620";71,9724
"621";72,0997
"622";72,2161
"623";72,2384
"624";72,26
"625";72,3336
"626";72,3639
"627";72,4271
"628";72,4337
"629";72,5682
"630";73,4739
"631";73,5323
"632";73,7082
"633";73,8069
"634";73,8441
"635";73,9246
"636";73,9771
"637";73,9976
"638";74,0843
"639";74,2204
"640";74,2843
"641";74,3948
"642";74,4164
"643";74,5376
"644";74,8412
"645";75,8047
"646";76,1383
"647";76,206
"648";76,2551
"649";76,3103
"650";76,7339
"651";76,7922
"652";76,826
"653";76,8327
"654";76,8512
"655";76,9217
"656";76,9422
"657";76,9465
"658";76,9738
"659";77,0038
"660";77,0334
"661";77,0556
"662";77,0691
"663";77,6533
"664";77,748
"665";77,8836
"666";78,0735
"667";78,1372
"668";78,3437
"669";78,3474
"670";78,3658
"671";78,3693
"672";78,3834
"673";78,3939
"674";78,4258
"675";78,4312
"676";78,5194
"677";78,7138
"678";79,0917
"679";79,1103
"680";79,1255
"681";79,1431
"682";79,1681
"683";79,1872
"684";79,191
"685";79,2151
"686";79,506
"687";79,5074
"688";79,6116
"689";79,8126
"690";79,86
"691";79,8878
"692";80,3797
"693";80,4529
"694";80,4625
"695";80,5107
"696";80,6621
"697";80,722
"698";80,8121
"699";80,8305
"700";80,8653
"701";80,8967
"702";80,901
"703";80,9186
"704";80,9206
"705";80,9217
"706";80,9541
"707";81,1127
"708";81,1946
"709";81,4167
"710";81,4919
"711";81,7371
"712";82,0134
"713";82,0855
"714";82,3902
"715";82,7123
"716";82,7979
"717";83,0564
"718";83,1135
"719";83,1388
"720";83,1852
"721";83,2395
"722";83,2968
"723";83,374
"724";83,6188
"725";83,6843
"726";83,7434
"727";83,752
"728";83,754
"729";83,8745
"730";83,8989
"731";83,9036
"732";83,9532
"733";84,045
"734";84,2696
"735";84,2979
"736";84,3675
"737";84,3785
"738";84,429
"739";84,8511
"740";84,9068
"741";84,9383
"742";85,2014
"743";85,2299
"744";85,2858
"745";85,388
"746";85,4238
"747";86,0131
"748";86,0767
"749";86,2019
"750";86,2795
"751";86,3042
"752";86,3865
"753";86,4097
"754";86,4655
"755";86,4858
"756";86,5096
"757";86,7521
"758";86,9625
"759";86,9691
"760";87,0294
"761";87,0874
"762";87,1006
"763";87,1126
"764";87,1573
"765";87,195
"766";87,3179
"767";87,4788
"768";87,4855
"769";87,5876
"770";87,5981
"771";87,6672
"772";87,7457
"773";87,7727
"774";87,9408
"775";88,053
"776";88,2118
"777";88,2168
"778";88,7925
"779";89,2511
"780";89,2661
"781";89,3232
"782";89,3347
"783";89,3375
"784";89,365
"785";89,3802
"786";89,4035
"787";89,4978
"788";89,5262
"789";89,5641
"790";89,6188
"791";89,6286
"792";89,7141
"793";89,7289
"794";89,7452
"795";89,7478
"796";89,7669
"797";89,7705
"798";89,7827
"799";89,8626
"800";89,943
"801";89,9604
"802";90,2054
"803";90,3594
"804";90,8465
"805";90,9043
"806";90,9428
"807";90,9524
"808";91,0473
"809";91,0766
"810";91,1627
"811";91,3965
"812";91,418
"813";91,4194
"814";91,4538
"815";91,4645
"816";91,5053
"817";91,5186
"818";91,5284
"819";91,7359
"820";91,7946
"821";91,827
"822";92,3564
"823";92,4734
"824";92,498
"825";92,7014
"826";92,8257
"827";92,8455
"828";92,8566
"829";92,8626
"830";93,3027
"831";93,3881
"832";93,4452
"833";93,5676
"834";93,6445
"835";93,8767
"836";93,9953
"837";94,1166
"838";94,1289
"839";94,2164
"840";94,7032
"841";94,7843
"842";94,7972
"843";94,7982
"844";94,8448
"845";95,2851
"846";95,3033
"847";95,3138
"848";95,361
"849";95,37
"850";95,3748
"851";95,3758
"852";95,4211
"853";95,4459
"854";95,5796
"855";95,5872
"856";95,629
"857";95,6673
"858";95,6807
"859";95,7616
"860";95,8045
"861";96,4803
"862";96,4887
"863";96,5109
"864";96,5966
"865";96,628
"866";96,6312
"867";96,7115
"868";96,9572
"869";97,0808
"870";97,1976
"871";97,3069
"872";97,3126
"873";97,412
"874";97,5252
"875";97,6409
"876";98,2654
"877";98,314
"878";98,7976
"879";98,889
"880";98,9294
"881";99,0233
"882";99,593
"883";99,6817
"884";99,7455
"885";99,7779
"886";99,7829
"887";99,9822
"888";100,0203
"889";100,1265
"890";100,7092
"891";100,9761
"892";101,1793
"893";101,2272
"894";101,2484
"895";101,3534
"896";101,5413
"897";101,6387
"898";101,7633
"899";101,8619
"900";101,8999
"901";101,9238
"902";101,9953
"903";102,0352
"904";102,6312
"905";102,7105
"906";102,7222
"907";103,036
"908";103,242
"909";103,2524
"910";103,2986
"911";103,3608
"912";103,4075
"913";103,4365
"914";103,5072
"915";103,7343
"916";103,7543
"917";103,7856
"918";103,8227
"919";104,0762
"920";104,1372
"921";104,4951
"922";104,5031
"923";104,745
"924";104,8408
"925";104,9239
"926";104,9376
"927";105,4691
"928";105,4837
"929";105,5817
"930";105,9577
"931";105,969
"932";106,0195
"933";106,0352
"934";106,0457
"935";106,1622
"936";106,2524
"937";106,2959
"938";106,3081
"939";106,3098
"940";106,4
"941";106,5177
"942";106,7652
"943";107,1563
"944";107,4764
"945";107,4918
"946";107,7301
"947";107,8143
"948";108,1027
"949";108,1339
"950";108,1668
"951";108,1804
"952";108,3137
"953";108,3555
"954";108,5849
"955";108,64
"956";108,6524
"957";109,3613
"958";109,4114
"959";109,4251
"960";109,4383
"961";109,472
"962";109,5637
"963";109,7016
"964";110,4349
"965";110,476
"966";110,4966
"967";110,5048
"968";110,5207
"969";110,5767
"970";110,598
"971";110,6572
"972";110,7562
"973";111,0266
"974";111,0984
"975";111,2452
"976";111,8661
"977";111,9777
"978";112,0592
"979";112,0843
"980";112,4134
"981";112,4156
"982";112,5111
"983";112,5121
"984";112,5168
"985";112,6134
"986";112,6639
"987";113,0054
"988";113,233
"989";113,786
"990";113,8309
"991";114,1957
"992";114,2452
"993";114,4686
"994";114,4785
"995";114,641
"996";114,6424
"997";114,7426
"998";114,7461
"999";114,7621
"1000";114,792
"1001";114,8167
"1002";114,8705
"1003";114,9632
"1004";114,9666
"1005";115,1681
"1006";115,213
"1007";115,2842
"1008";115,4886
"1009";115,7304
"1010";115,8134
"1011";116,072
"1012";116,3015
"1013";116,6179
"1014";117,8593
"1015";117,9007
"1016";117,9918
"1017";118,0503
"1018";118,547
"1019";118,5787
"1020";118,6993
"1021";119,0971
"1022";119,3442
"1023";119,3649
"1024";119,3833
"1025";119,4775
"1026";119,4988
"1027";119,7171
"1028";119,8219
"1029";119,8513
"1030";119,8529
"1031";119,857
"1032";120,0093
"1033";120,2852
"1034";120,3159
"1035";120,3683
"1036";120,667
"1037";120,677
"1038";120,6813
"1039";120,6854
"1040";120,6872
"1041";120,6896
"1042";120,6908
"1043";120,7575
"1044";120,7603
"1045";120,8474
"1046";121,0524
"1047";121,0655
"1048";121,0671
"1049";121,1455
"1050";121,2689
"1051";121,3605
"1052";121,4046
"1053";121,777
"1054";121,7785
"1055";121,9092
"1056";122,0019
"1057";122,3154
"1058";122,6698
"1059";122,7046
"1060";122,9154
"1061";123,0191
"1062";123,2041
"1063";123,4014
"1064";123,4146
"1065";123,4465
"1066";123,4698
"1067";123,5759
"1068";123,6962
"1069";123,7082
"1070";123,8137
"1071";124,011
"1072";124,0256
"1073";124,0479
"1074";124,0514
"1075";124,0688
"1076";124,0744
"1077";124,0946
"1078";124,1156
"1079";124,1558
"1080";124,2114
"1081";124,2635
"1082";124,3645
"1083";124,392
"1084";124,4141
"1085";124,4728
"1086";124,4971
"1087";124,5428
"1088";124,7706
"1089";124,8675
"1090";124,8867
"1091";124,9102
"1092";125,0422
"1093";125,1847
"1094";125,2246
"1095";125,3156
"1096";125,3229
"1097";125,3246
"1098";125,3748
"1099";125,4716
"1100";125,6998
"1101";125,7384
"1102";125,7794
"1103";125,8216
"1104";125,863
"1105";125,894
"1106";126,4584
"1107";126,7767
"1108";126,8259
"1109";126,8527
"1110";126,8927
"1111";126,9074
"1112";126,9458
"1113";126,9656
"1114";127,1611
"1115";127,2564
"1116";127,5063
"1117";127,5077
"1118";127,5514
"1119";127,6744
"1120";127,6839
"1121";127,7017
"1122";127,7029
"1123";127,7131
"1124";127,7244
"1125";128,0273
"1126";128,1021
"1127";128,1176
"1128";128,1518
"1129";128,2377
"1130";128,4301
"1131";128,9551
"1132";129,4593
"1133";129,7449
"1134";129,9514
"1135";130,1848
"1136";130,2291
"1137";130,2413
"1138";130,3034
"1139";130,351
"1140";130,3797
"1141";130,4071
"1142";130,4655
"1143";130,5365
"1144";130,6017
"1145";130,6625
"1146";130,6675
"1147";130,9243
"1148";131,025
"1149";131,2754
"1150";131,3939
"1151";131,5028
"1152";131,7033
"1153";131,7044
"1154";132,0143
"1155";132,3543
"1156";132,5294
"1157";132,6157
"1158";132,6318
"1159";132,6348
"1160";132,7203
"1161";132,7517
"1162";133,0017
"1163";133,2916
"1164";133,4705
"1165";133,4835
"1166";133,5483
"1167";133,5753
"1168";133,5832
"1169";133,5887
"1170";133,6717
"1171";133,733
"1172";133,7625
"1173";133,7936
"1174";134,2794
"1175";134,726
"1176";134,9561
"1177";135
"1178";135,02
"1179";135,1064
"1180";135,1186
"1181";135,159
"1182";135,2251
"1183";135,3383
"1184";135,3861
"1185";135,3939
"1186";135,4448
"1187";135,5014
"1188";135,5227
"1189";135,6058
"1190";135,6271
"1191";135,7748
"1192";135,9444
"1193";136,0347
"1194";136,3405
"1195";136,5128
"1196";136,5535
"1197";136,7373
"1198";136,8844
"1199";136,953
"1200";137,097
"1201";137,2143
"1202";137,2421
"1203";137,2794
"1204";137,3245
"1205";137,3352
"1206";137,3526
"1207";137,5679
"1208";137,9643
"1209";138,0184
"1210";138,0261
"1211";138,1138
"1212";138,8499
"1213";138,9187
"1214";138,9226
"1215";139,0232
"1216";139,0666
"1217";139,0778
"1218";139,2578
"1219";139,554
"1220";139,6981
"1221";139,9008
"1222";140,0243
"1223";140,0446
"1224";140,0492
"1225";140,0614
"1226";140,1638
"1227";140,3063
"1228";140,4478
"1229";140,4595
"1230";140,492
"1231";140,5046
"1232";140,5257
"1233";140,5917
"1234";140,6249
"1235";140,8921
"1236";140,982
"1237";141,0172
"1238";141,1671
"1239";141,2294
"1240";141,2973
"1241";141,3166
"1242";141,6893
"1243";142,0993
"1244";142,2441
"1245";142,3324
"1246";142,8416
"1247";142,912
"1248";142,9373
"1249";142,9404
"1250";143,129
"1251";143,6531
"1252";143,6592
"1253";144,9433
"1254";145,0096
"1255";145,0308
"1256";145,1003
"1257";145,1724
"1258";145,301
"1259";145,3579
"1260";145,3957
"1261";145,5574
"1262";145,8108
"1263";145,9089
"1264";145,9696
"1265";146,2525
"1266";146,2662
"1267";146,3351
"1268";146,5792
"1269";146,5803
"1270";146,7397
"1271";146,7698
"1272";147,0154
"1273";147,4516
"1274";147,5126
"1275";147,5848
"1276";147,9282
"1277";147,9585
"1278";148,0368
"1279";148,056
"1280";148,0759
"1281";148,0839
"1282";148,1058
"1283";148,5443
"1284";148,7755
"1285";148,7813
"1286";148,8194
"1287";148,911
"1288";149,0084
"1289";149,0219
"1290";149,0272
"1291";149,5136
"1292";149,546
"1293";149,62
"1294";149,7843
"1295";150,0808
"1296";150,084
"1297";150,1111
"1298";150,1332
"1299";150,1803
"1300";150,4509
"1301";150,4688
"1302";150,7612
"1303";150,9077
"1304";151,0685
"1305";151,2143
"1306";151,9564
"1307";152,0285
"1308";152,0437
"1309";152,1481
"1310";152,1634
"1311";152,1893
"1312";152,2901
"1313";152,3459
"1314";152,3718
"1315";152,3831
"1316";152,472
"1317";152,5473
"1318";152,5614
"1319";152,7813
"1320";153,0877
"1321";153,1025
"1322";153,1282
"1323";153,5113
"1324";153,5127
"1325";153,6295
"1326";153,6664
"1327";153,8295
"1328";154,0046
"1329";154,0392
"1330";154,0857
"1331";154,1095
"1332";154,2918
"1333";154,3198
"1334";154,4585
"1335";154,5467
"1336";154,6389
"1337";154,8987
"1338";154,9879
"1339";154,9974
"1340";155,1231
"1341";155,1857
"1342";155,2101
"1343";155,5633
"1344";155,5835
"1345";155,6782
"1346";155,7184
"1347";155,794
"1348";155,8286
"1349";155,915
"1350";155,9773
"1351";156,672
"1352";156,7192
"1353";156,7895
"1354";156,9755
"1355";156,9968
"1356";157,0697
"1357";157,131
"1358";157,2121
"1359";157,3065
"1360";157,7521
"1361";157,7587
"1362";157,7677
"1363";157,853
"1364";157,9228
"1365";158,1093
"1366";158,135
"1367";158,1965
"1368";158,2185
"1369";158,2315
"1370";158,3161
"1371";158,3186
"1372";158,6303
"1373";158,6352
"1374";158,7383
"1375";158,8185
"1376";158,8919
"1377";159,3633
"1378";159,386
"1379";159,4207
"1380";159,4454
"1381";159,8103
"1382";159,9384
"1383";159,9907
"1384";160,0193
"1385";160,0308
"1386";160,253
"1387";160,4237
"1388";160,4701
"1389";160,5064
"1390";160,5216
"1391";160,5427
"1392";160,7869
"1393";160,9422
"1394";161,1595
"1395";161,1886
"1396";161,2425
"1397";161,2755
"1398";161,8138
"1399";161,8805
"1400";161,9798
"1401";162,0054
"1402";162,0199
"1403";162,0473
"1404";162,0537
"1405";162,0853
"1406";162,2631
"1407";162,5871
"1408";162,6581
"1409";162,7103
"1410";162,7138
"1411";162,9559
"1412";162,9676
"1413";163,3001
"1414";163,3463
"1415";163,3932
"1416";163,5424
"1417";163,8667
"1418";164,2299
"1419";164,2483
"1420";164,4345
"1421";164,4632
"1422";164,5989
"1423";164,6616
"1424";164,8802
"1425";165,3152
"1426";165,4956
"1427";165,5835
"1428";165,6432
"1429";165,6546
"1430";165,7602
"1431";165,7866
"1432";165,7916
"1433";166
"1434";166,1317
"1435";166,2437
"1436";166,9218
"1437";166,9979
"1438";167,0076
"1439";167,0926
"1440";167,0984
"1441";167,1095
"1442";167,2269
"1443";167,2319
"1444";167,3183
"1445";167,3369
"1446";167,3535
"1447";167,8329
"1448";167,9446
"1449";168,2194
"1450";168,7028
"1451";168,8435
"1452";168,9388
"1453";168,9865
"1454";169,0786
"1455";169,1676
"1456";169,1787
"1457";169,2018
"1458";169,5823
"1459";169,7114
"1460";169,7626
"1461";169,7923
"1462";169,8402
"1463";169,8662
"1464";169,8863
"1465";169,8896
"1466";169,9423
"1467";170,0171
"1468";170,037
"1469";170,0569
"1470";170,2288
"1471";170,2543
"1472";170,261
"1473";170,2795
"1474";170,6125
"1475";170,6296
"1476";170,9227
"1477";171,1662
"1478";171,1887
"1479";171,246
"1480";171,2528
"1481";171,3155
"1482";171,3425
"1483";171,4405
"1484";171,5152
"1485";171,7639
"1486";172,1718
"1487";172,2041
"1488";172,2052
"1489";172,2306
"1490";172,2551
"1491";173,0017
"1492";173,1005
"1493";173,1165
"1494";173,1572
"1495";173,2008
"1496";173,7023
"1497";173,9926
"1498";174,0962
"1499";174,1381
"1500";174,1625
"1501";174,2092
"1502";174,2142
"1503";174,2942
"1504";174,3631
"1505";174,4144
"1506";174,749
"1507";174,9212
"1508";174,9564
"1509";175,1313
"1510";175,1762
"1511";175,2717
"1512";175,305
"1513";175,3731
"1514";175,4115
"1515";175,603
"1516";175,702
"1517";175,7147
"1518";175,7371
"1519";175,9953
"1520";176,1905
"1521";176,3425
"1522";176,3693
"1523";176,7538
"1524";177,0888
"1525";177,1589
"1526";177,2535
"1527";177,3405
"1528";177,4168
"1529";177,5055
"1530";177,6641
"1531";177,6821
"1532";177,7233
"1533";177,8952
"1534";177,9534
"1535";177,9748
"1536";178,5069
"1537";178,7751
"1538";178,8
"1539";178,8157
"1540";178,8335
"1541";179,0171
"1542";179,143
"1543";179,3137
"1544";179,3397
"1545";179,3619
"1546";179,4601
"1547";179,6866
"1548";179,9161
"1549";180,2622
"1550";180,6717
"1551";181,0241
"1552";181,0324
"1553";181,3377
"1554";181,4946
"1555";181,6424
"1556";181,7412
"1557";181,8037
"1558";181,8052
"1559";182,2211
"1560";182,3257
"1561";182,7326
"1562";182,7469
"1563";183,2495
"1564";183,3218
"1565";183,5877
"1566";183,7551
"1567";184,0036
"1568";184,1777
"1569";184,6233
"1570";184,6398
"1571";184,7315
"1572";184,7536
"1573";184,8731
"1574";184,8764
"1575";185,1534
"1576";185,1934
"1577";185,2051
"1578";185,2637
"1579";185,3386
"1580";185,4594
"1581";186,3435
"1582";186,5388
"1583";186,5478
"1584";186,6229
"1585";186,6341
"1586";186,6623
"1587";186,6646
"1588";186,6675
"1589";186,9053
"1590";186,9088
"1591";186,9104
"1592";186,912
"1593";186,9443
"1594";187,2624
"1595";187,3942
"1596";187,5681
"1597";187,8304
"1598";187,9124
"1599";188,0278
"1600";188,0926
"1601";188,2493
"1602";188,2875
"1603";188,2979
"1604";188,3021
"1605";188,3736
"1606";188,7491
"1607";188,7526
"1608";188,7641
"1609";188,7779
"1610";188,85
"1611";188,9419
"1612";189,2513
"1613";189,2852
"1614";189,3856
"1615";189,764
"1616";189,7855
"1617";190,0518
"1618";190,1055
"1619";190,141
"1620";190,2392
"1621";190,4713
"1622";190,6832
"1623";190,7078
"1624";191,0049
"1625";191,2947
"1626";191,3771
"1627";191,5135
"1628";191,5552
"1629";191,5694
"1630";191,6574
"1631";191,6813
"1632";191,8024
"1633";191,82
"1634";191,8958
"1635";191,9194
"1636";192,1665
"1637";192,1964
"1638";192,9218
"1639";193,0982
"1640";193,194
"1641";193,4426
"1642";193,4489
"1643";193,4919
"1644";193,6524
"1645";193,6582
"1646";193,802
"1647";193,9257
"1648";193,9393
"1649";194,1394
"1650";194,3054
"1651";194,344
"1652";194,3855
"1653";194,4907
"1654";194,5078
"1655";194,6923
"1656";194,9413
"1657";195,3714
"1658";195,4758
"1659";195,7335
"1660";195,8356
"1661";195,8527
"1662";196,1036
"1663";196,1814
"1664";196,3156
"1665";196,342
"1666";196,3586
"1667";196,3835
"1668";196,4528
"1669";196,5525
"1670";196,858
"1671";196,8785
"1672";196,9495
"1673";196,9677
"1674";197,055
"1675";197,0743
"1676";197,2734
"1677";197,6271
"1678";197,8271
"1679";197,9827
"1680";198,1169
"1681";198,2546
"1682";198,41
"1683";198,7702
"1684";198,8337
"1685";198,9813
"1686";199,2791
"1687";199,4076
"1688";199,4166
"1689";199,4946
"1690";199,5447
"1691";199,5617
"1692";199,5847
"1693";199,5954
"1694";199,6122
"1695";199,9054
"1696";199,9075
"1697";199,9232
"1698";199,9661
"1699";199,9819
"1700";200,109
"1701";200,4885
"1702";200,5737
"1703";200,6252
"1704";200,6341
"1705";200,6558
"1706";200,6826
"1707";200,6863
"1708";200,7327
"1709";200,7544
"1710";200,7574
"1711";200,7693
"1712";200,809
"1713";200,8194
"1714";200,8234
"1715";200,8703
"1716";201,0306
"1717";201,2895
"1718";201,3466
"1719";201,5092
"1720";201,5955
"1721";201,8073
"1722";201,9767
"1723";202,1091
"1724";202,3153
"1725";202,516
"1726";202,6428
"1727";202,6963
"1728";202,7767
"1729";202,8215
"1730";202,8319
"1731";202,8379
"1732";202,8646
"1733";202,8722
"1734";202,8873
"1735";203,4805
"1736";203,5078
"1737";203,6417
"1738";203,6646
"1739";203,8219
"1740";203,8768
"1741";203,8848
"1742";203,9815
"1743";204,2446
"1744";204,3711
"1745";204,4171
"1746";204,4245
"1747";204,4507
"1748";204,922
"1749";204,9651
"1750";205,2324
"1751";205,3108
"1752";205,4632
"1753";205,494
"1754";205,547
"1755";205,6175
"1756";205,6377
"1757";205,7061
"1758";206,025
"1759";206,1776
"1760";206,2565
"1761";206,2887
"1762";206,362
"1763";206,4273
"1764";206,4446
"1765";206,5065
"1766";207,0287
"1767";207,1249
"1768";207,1346
"1769";207,305
"1770";207,4664
"1771";207,6375
"1772";207,6788
"1773";207,7987
"1774";207,9502
"1775";208,0277
"1776";208,0842
"1777";208,1832
"1778";208,2379
"1779";208,5864
"1780";208,6167
"1781";208,6212
"1782";208,6237
"1783";208,7469
"1784";208,7486
"1785";209,0388
"1786";209,1806
"1787";209,1854
"1788";209,2501
"1789";209,4486
"1790";209,7793
"1791";209,7942
"1792";209,8998
"1793";209,9843
"1794";210,0432
"1795";210,0849
"1796";210,2023
"1797";210,4833
"1798";211,2043
"1799";211,255
"1800";211,4696
"1801";211,5302
"1802";211,9551
"1803";212,6278
"1804";212,7206
"1805";212,7547
"1806";212,892
"1807";213,0527
"1808";213,12
"1809";213,1382
"1810";213,2818
"1811";213,3522
"1812";213,4241
"1813";213,5525
"1814";213,6173
"1815";213,6366
"1816";213,8882
"1817";214,0223
"1818";214,0507
"1819";214,0611
"1820";214,1425
"1821";214,1474
"1822";214,1967
"1823";214,2141
"1824";214,257
"1825";214,2774
"1826";214,2789
"1827";214,4245
"1828";214,538
"1829";214,6945
"1830";214,8184
"1831";214,9146
"1832";214,9295
"1833";214,9808
"1834";215,3155
"1835";215,6097
"1836";215,8317
"1837";215,9319
"1838";215,973
"1839";216,0661
"1840";216,0953
"1841";216,3403
"1842";217,0139
"1843";217,0274
"1844";217,0402
"1845";217,0422
"1846";217,0741
"1847";217,1917
"1848";217,2356
"1849";217,402
"1850";217,517
"1851";217,6171
"1852";217,6195
"1853";217,6471
"1854";217,6683
"1855";218,0291
"1856";218,0631
"1857";218,0793
"1858";218,1333
"1859";218,1351
"1860";218,6085
"1861";218,6176
"1862";218,7828
"1863";218,8054
"1864";218,8889
"1865";218,9031
"1866";218,9464
"1867";219,0091
"1868";219,0183
"1869";219,0315
"1870";219,1005
"1871";219,2404
"1872";219,4855
"1873";219,5031
"1874";219,6005
"1875";219,6394
"1876";220,556
"1877";220,6594
"1878";220,7562
"1879";220,7807
"1880";220,8219
"1881";220,8549
"1882";220,8656
"1883";220,8759
"1884";220,9048
"1885";221,2122
"1886";221,3342
"1887";221,3541
"1888";221,3777
"1889";221,5316
"1890";221,9967
"1891";221,9981
"1892";222,2137
"1893";222,3183
"1894";222,5976
"1895";222,612
"1896";222,6881
"1897";222,9037
"1898";223,3354
"1899";223,3531
"1900";223,4269
"1901";223,4381
"1902";223,5478
"1903";223,6403
"1904";223,6689
"1905";223,6716
"1906";223,8087
"1907";223,812
"1908";223,9155
"1909";223,9634
"1910";223,9688
"1911";224,3292
"1912";224,3483
"1913";224,3851
"1914";224,4973
"1915";224,6594
"1916";225,1182
"1917";225,3405
"1918";225,4087
"1919";225,6823
"1920";225,8034
"1921";226,0818
"1922";226,6473
"1923";226,821
"1924";227,0072
"1925";227,026
"1926";227,1207
"1927";227,205
"1928";227,2179
"1929";227,267
"1930";227,2936
"1931";227,3163
"1932";227,3833
"1933";227,3965
"1934";227,5151
"1935";227,5988
"1936";227,6211
"1937";227,671
"1938";227,7375
"1939";227,7948
"1940";227,8135
"1941";227,8886
"1942";227,9349
"1943";227,9449
"1944";227,9686
"1945";227,9728
"1946";228,0029
"1947";228,0403
"1948";228,0789
"1949";228,0903
"1950";228,1182
"1951";228,1226
"1952";228,1268
"1953";228,1476
"1954";228,1615
"1955";228,6083
"1956";228,6167
"1957";229,3585
"1958";229,4707
"1959";229,5258
"1960";229,5457
"1961";229,6613
"1962";229,7328
"1963";230,0437
"1964";230,1329
"1965";230,1416
"1966";230,2366
"1967";230,4815
"1968";230,576
"1969";230,5793
"1970";230,5888
"1971";230,82
"1972";230,8759
"1973";230,8858
"1974";231,0678
"1975";231,1554
"1976";231,1608
"1977";231,2726
"1978";231,2848
"1979";231,2868
"1980";231,2887
"1981";231,2983
"1982";231,2999
"1983";231,3141
"1984";231,3662
"1985";231,3777
"1986";231,8619
"1987";231,8894
"1988";231,9412
"1989";232,0953
"1990";232,141
"1991";232,2812
"1992";232,3561
"1993";233,5877
"1994";233,6649
"1995";234,0887
"1996";234,1502
"1997";234,2103
"1998";234,6226
"1999";234,6304
"2000";234,6314
"2001";235,3504
"2002";235,605
"2003";235,7315
"2004";235,7355
"2005";235,8137
"2006";235,9506
"2007";236,1545
"2008";236,2743
"2009";236,4733
"2010";236,4826
"2011";236,5052
"2012";236,6691
"2013";236,717
"2014";236,7232
"2015";236,7279
"2016";236,7742
"2017";236,806
"2018";236,8092
"2019";237,1037
"2020";237,113
"2021";237,1746
"2022";237,1956
"2023";237,1971
"2024";237,2822
"2025";237,4114
"2026";237,4238
"2027";237,4665
"2028";237,7783
"2029";237,8079
"2030";237,8755
"2031";237,9385
"2032";238,2665
"2033";238,3548
"2034";238,3831
"2035";238,4635
"2036";238,4715
"2037";238,5771
"2038";238,5916
"2039";238,6652
"2040";238,7927
"2041";238,8716
"2042";239,1653
"2043";239,3012
"2044";239,304
"2045";239,5228
"2046";239,5367
"2047";239,641
"2048";239,7737
"2049";239,91
"2050";239,918
"2051";239,9339
"2052";240,0953
"2053";240,3432
"2054";240,5969
"2055";240,7169
"2056";240,7459
"2057";240,8052
"2058";240,8364
"2059";241,0821
"2060";241,1799
"2061";241,2405
"2062";241,2441
"2063";241,4753
"2064";241,7287
"2065";241,7784
"2066";241,9055
"2067";241,9767
"2068";242,5177
"2069";242,8049
"2070";242,8224
"2071";242,8263
"2072";242,879
"2073";242,9264
"2074";242,9373
"2075";242,9576
"2076";242,9882
"2077";242,9956
"2078";243,169
"2079";243,1767
"2080";243,2437
"2081";243,2817
"2082";243,3706
"2083";243,4291
"2084";243,4363
"2085";243,5293
"2086";243,7346
"2087";243,7705
"2088";244,0554
"2089";244,0777
"2090";244,2816
"2091";244,2909
"2092";244,5351
"2093";244,5573
"2094";244,6225
"2095";244,6902
"2096";244,9543
"2097";245,3316
"2098";245,5294
"2099";245,7474
"2100";245,7659
"2101";245,7693
"2102";245,8986
"2103";246,0064
"2104";246,0535
"2105";246,1859
"2106";246,2443
"2107";246,2493
"2108";246,4042
"2109";246,6249
"2110";246,7728
"2111";246,8496
"2112";247,05
"2113";247,345
"2114";247,3584
"2115";247,4006
"2116";247,7028
"2117";247,8465
"2118";247,8948
"2119";248,7273
"2120";248,791
"2121";248,9177
"2122";248,9273
"2123";249,1811
"2124";249,2178
"2125";249,3105
"2126";249,5742
"2127";250,1068
"2128";250,1156
"2129";250,119
"2130";250,2064
"2131";250,2217
"2132";250,2254
"2133";250,4837
"2134";250,535
"2135";250,6232
"2136";250,7498
"2137";250,8337
"2138";250,9455
"2139";250,9583
"2140";251,1972
"2141";251,2153
"2142";251,354
"2143";251,4106
"2144";251,4462
"2145";251,8871
"2146";251,9392
"2147";251,9441
"2148";251,9592
"2149";252,2921
"2150";252,2999
"2151";252,3152
"2152";252,4233
"2153";252,4271
"2154";252,5334
"2155";252,6804
"2156";253,3013
"2157";254,5363
"2158";254,7368
"2159";254,7499
"2160";254,7516
"2161";254,763
"2162";254,8019
"2163";254,8294
"2164";254,8469
"2165";254,8533
"2166";254,9627
"2167";255,0134
"2168";255,069
"2169";255,1125
"2170";255,1849
"2171";255,2085
"2172";255,3346
"2173";255,425
"2174";256,108
"2175";256,1672
"2176";256,3609
"2177";256,3915
"2178";256,4
"2179";256,5194
"2180";256,5381
"2181";256,5531
"2182";256,5546
"2183";256,9842
"2184";257,0805
"2185";257,2409
"2186";257,365
"2187";257,4799
"2188";257,5282
"2189";257,5334
"2190";257,6409
"2191";257,735
"2192";257,7617
"2193";257,9891
"2194";258,1101
"2195";258,1227
"2196";258,3213
"2197";258,4814
"2198";258,5359
"2199";258,5508
"2200";258,6712
"2201";258,9253
"2202";258,9591
"2203";259,01
"2204";259,0358
"2205";259,0928
"2206";259,1694
"2207";259,2055
"2208";259,422
"2209";259,8046
"2210";260,0904
"2211";260,2637
"2212";260,6581
"2213";260,7982
"2214";260,9353
"2215";260,9429
"2216";261,168
"2217";261,2528
"2218";261,3166
"2219";261,3627
"2220";261,7092
"2221";262,0275
"2222";262,0375
"2223";262,0784
"2224";262,1022
"2225";262,1229
"2226";262,2065
"2227";262,5721
"2228";262,6173
"2229";262,6443
"2230";262,7335
"2231";262,7927
"2232";263,284
"2233";263,3165
"2234";263,664
"2235";263,7726
"2236";263,8191
"2237";264,01
"2238";264,4604
"2239";264,5411
"2240";264,617
"2241";264,62
"2242";264,6217
"2243";264,8053
"2244";264,812
"2245";264,9554
"2246";265,0083
"2247";265,0205
"2248";265,0508
"2249";265,1828
"2250";265,1961
"2251";265,2
"2252";265,2503
"2253";265,263
"2254";265,2708
"2255";265,2851
"2256";265,7724
"2257";265,8205
"2258";265,8808
"2259";265,8833
"2260";265,9948
"2261";266,0062
"2262";266,3557
"2263";266,3943
"2264";266,4155
"2265";266,4217
"2266";266,5348
"2267";266,5699
"2268";266,5806
"2269";266,6477
"2270";266,7883
"2271";266,7897
"2272";266,7946
"2273";266,8132
"2274";266,8206
"2275";266,9038
"2276";266,9138
"2277";266,9375
"2278";266,9515
"2279";267,0591
"2280";267,1379
"2281";267,182
"2282";267,4775
"2283";267,5552
"2284";267,5727
"2285";267,6117
"2286";267,6293
"2287";267,6441
"2288";267,7954
"2289";268,3072
"2290";268,3112
"2291";268,3735
"2292";268,376
"2293";268,4204
"2294";268,4719
"2295";268,4812
"2296";268,5158
"2297";268,6076
"2298";268,6723
"2299";268,7689
"2300";268,8891
"2301";268,9224
"2302";268,9258
"2303";269,2499
"2304";269,4801
"2305";269,8888
"2306";270,0422
"2307";270,1378
"2308";270,3645
"2309";270,3681
"2310";270,5572
"2311";270,7787
"2312";271,038
"2313";271,0511
"2314";271,334
"2315";271,5817
"2316";271,7143
"2317";271,8074
"2318";271,8222
"2319";272,068
"2320";272,1082
"2321";272,2143
"2322";272,2826
"2323";272,5732
"2324";272,6736
"2325";272,7422
"2326";272,773
"2327";273,1601
"2328";273,2746
"2329";273,4684
"2330";273,6831
"2331";273,9179
"2332";274,0393
"2333";274,0509
"2334";274,1143
"2335";274,1243
"2336";274,1485
"2337";274,1794
"2338";274,1809
"2339";274,1883
"2340";274,2344
"2341";274,3912
"2342";274,7987
"2343";274,8816
"2344";274,9272
"2345";275,0209
"2346";275,0299
"2347";275,1429
"2348";275,2713
"2349";275,4322
"2350";275,4615
"2351";275,7352
"2352";275,7848
"2353";275,8569
"2354";275,8829
"2355";276,0303
"2356";276,1919
"2357";276,1961
"2358";276,2115
"2359";276,376
"2360";276,6436
"2361";277,2265
"2362";277,2509
"2363";277,2536
"2364";277,2552
"2365";277,3241
"2366";277,3659
"2367";277,4075
"2368";277,4229
"2369";277,5267
"2370";277,6553
"2371";277,6635
"2372";277,7129
"2373";277,7175
"2374";277,7384
"2375";278,0492
"2376";278,2248
"2377";278,3404
"2378";278,3531
"2379";278,54
"2380";278,5439
"2381";278,6878
"2382";278,7341
"2383";279,2285
"2384";279,7268
"2385";279,7371
"2386";280,0343
"2387";280,0456
"2388";280,0605
"2389";280,1664
"2390";280,2529
"2391";280,2662
"2392";280,3299
"2393";280,4851
"2394";280,5809
"2395";281,0028
"2396";281,0994
"2397";281,1222
"2398";281,2019
"2399";281,342
"2400";281,5265
"2401";281,6484
"2402";281,6929
"2403";281,8489
"2404";282,3326
"2405";282,3869
"2406";282,7739
"2407";283,0026
"2408";283,6512
"2409";283,8126
"2410";283,9274
"2411";283,991
"2412";284,0213
"2413";284,0981
"2414";284,1981
"2415";284,4908
"2416";284,5226
"2417";284,6227
"2418";284,7209
"2419";284,7675
"2420";285,2328
"2421";285,2656
"2422";285,3265
"2423";285,4356
"2424";285,4798
"2425";286,2045
"2426";286,223
"2427";286,2264
"2428";286,2283
"2429";286,35
"2430";286,3638
"2431";286,4171
"2432";286,6259
"2433";286,8467
"2434";286,9431
"2435";286,965
"2436";287,3745
"2437";287,4502
"2438";287,4816
"2439";287,4957
"2440";287,6341
"2441";287,813
"2442";287,8302
"2443";287,9231
"2444";287,9445
"2445";288,0893
"2446";288,1422
"2447";288,1784
"2448";288,3149
"2449";288,4718
"2450";289,0302
"2451";289,0727
"2452";289,3384
"2453";289,3547
"2454";289,3845
"2455";289,4435
"2456";289,4552
"2457";289,5058
"2458";289,7045
"2459";289,7139
"2460";289,737
"2461";289,8159
"2462";289,855
"2463";289,8765
"2464";289,883
"2465";289,9651
"2466";290,0075
"2467";290,0091
"2468";290,1008
"2469";290,1287
"2470";290,2953
"2471";290,4634
"2472";290,5973
"2473";290,6449
"2474";290,708
"2475";290,7262
"2476";290,9052
"2477";290,9416
"2478";291,0356
"2479";291,3934
"2480";291,4252
"2481";291,5219
"2482";291,6042
"2483";291,6229
"2484";291,6467
"2485";291,6515
"2486";291,6837
"2487";291,7168
"2488";291,8621
"2489";292,2581
"2490";292,2881
"2491";292,3366
"2492";292,3621
"2493";292,3662
"2494";292,5027
"2495";292,882
"2496";292,8971
"2497";293,0681
"2498";293,2509
"2499";293,2771
"2500";293,5637
"2501";293,7625
"2502";293,9596
"2503";294,1984
"2504";294,2868
"2505";294,5071
"2506";294,5881
"2507";294,7326
"2508";294,771
"2509";295,2161
"2510";295,2867
"2511";295,3178
"2512";295,3422
"2513";295,4333
"2514";295,4992
"2515";295,5583
"2516";295,564
"2517";295,5655
"2518";295,6705
"2519";295,7517
"2520";295,8068
"2521";295,8086
"2522";296,0007
"2523";296,223
"2524";296,6679
"2525";296,8575
"2526";296,9174
"2527";297,0903
"2528";297,1017
"2529";297,1032
"2530";297,4989
"2531";297,5451
"2532";297,6114
"2533";297,6633
"2534";297,9562
"2535";298,0046
"2536";298,0232
"2537";298,2338
"2538";298,3361
"2539";298,4266
"2540";298,5929
"2541";298,8714
"2542";298,9022
"2543";298,9099
"2544";298,9128
"2545";298,9175
"2546";299,1445
"2547";299,1726
"2548";299,4911
"2549";299,6002
"2550";299,8042
"2551";299,9128
"2552";299,9568
"2553";300,1027
"2554";300,1703
"2555";300,1815
"2556";300,4623
"2557";300,6257
"2558";300,6532
"2559";300,7008
"2560";300,9727
"2561";301,0642
"2562";301,0776
"2563";301,0928
"2564";301,3491
"2565";301,381
"2566";301,3969
"2567";301,4236
"2568";301,5315
"2569";301,582
"2570";301,7882
"2571";301,8442
"2572";301,8772
"2573";301,9121
"2574";301,9269
"2575";301,9602
"2576";301,9754
"2577";302,0167
"2578";302,0341
"2579";302,0422
"2580";302,1585
"2581";302,33
"2582";302,4182
"2583";302,4971
"2584";302,5085
"2585";302,5532
"2586";302,7627
"2587";302,8195
"2588";302,8588
"2589";302,9185
"2590";302,9636
"2591";303,0011
"2592";303,0026
"2593";303,0595
"2594";303,0858
"2595";303,154
"2596";303,5079
"2597";303,5589
"2598";303,7755
"2599";303,9852
"2600";304,0583
"2601";304,1778
"2602";304,252
"2603";304,2728
"2604";304,2919
"2605";304,2936
"2606";304,3048
"2607";304,3079
"2608";304,3772
"2609";304,5978
"2610";304,7772
"2611";304,8418
"2612";305,0962
"2613";305,2417
"2614";305,3373
"2615";305,3799
"2616";305,6954
"2617";305,7621
"2618";305,8284
"2619";305,8523
"2620";305,9589
"2621";305,9851
"2622";305,9903
"2623";305,9963
"2624";306,3665
"2625";306,8586
"2626";306,9969
"2627";307,3792
"2628";307,4553
"2629";307,6995
"2630";307,773
"2631";308,004
"2632";308,4438
"2633";308,4546
"2634";308,458
"2635";308,4843
"2636";308,4855
"2637";308,5082
"2638";308,5101
"2639";308,5329
"2640";308,5411
"2641";308,6
"2642";308,6674
"2643";308,8105
"2644";308,8538
"2645";308,8947
"2646";308,958
"2647";308,9639
"2648";308,9985
"2649";309,0627
"2650";309,1916
"2651";309,195
"2652";309,4965
"2653";309,8951
"2654";309,9521
"2655";310,0293
"2656";310,0519
"2657";310,0685
"2658";310,2891
"2659";310,3757
"2660";310,4653
"2661";310,4964
"2662";310,9427
"2663";310,9574
"2664";310,9692
"2665";311,0154
"2666";311,031
"2667";311,0454
"2668";311,1051
"2669";311,3274
"2670";311,3421
"2671";311,3485
"2672";311,4013
"2673";311,4114
"2674";311,4578
"2675";311,4857
"2676";311,5187
"2677";311,8811
"2678";311,8877
"2679";311,9972
"2680";312,0061
"2681";312,0377
"2682";312,1159
"2683";312,4133
"2684";312,4305
"2685";312,6891
"2686";312,7232
"2687";312,7419
"2688";313,1527
"2689";313,4312
"2690";313,6802
"2691";313,8482
"2692";313,9977
"2693";314,1382
"2694";314,366
"2695";314,421
"2696";314,4709
"2697";314,496
"2698";314,8647
"2699";314,875
"2700";315,002
"2701";315,3081
"2702";315,7381
"2703";315,8134
"2704";315,8454
"2705";316,165
"2706";316,5934
"2707";316,6238
"2708";316,6301
"2709";316,7283
"2710";316,7413
"2711";316,7584
"2712";316,7726
"2713";316,7988
"2714";316,8581
"2715";316,8684
"2716";317,1682
"2717";317,281
"2718";317,4094
"2719";317,5094
"2720";317,5178
"2721";317,5657
"2722";317,585
"2723";317,6251
"2724";317,6357
"2725";317,6531
"2726";317,6668
"2727";317,6857
"2728";317,687
"2729";317,7185
"2730";317,9276
"2731";317,9418
"2732";318,0815
"2733";318,186
"2734";318,1875
"2735";318,1918
"2736";318,2218
"2737";318,4205
"2738";318,6928
"2739";318,7091
"2740";318,714
"2741";318,7216
"2742";318,8284
"2743";318,8521
"2744";318,9183
"2745";319,047
"2746";319,0717
"2747";319,0929
"2748";319,1022
"2749";319,3646
"2750";319,3955
"2751";319,397
"2752";319,4501
"2753";319,5317
"2754";319,5389
"2755";319,5745
"2756";319,7098
"2757";319,7173
"2758";320,0079
"2759";320,029
"2760";320,4522
"2761";320,4683
"2762";320,5104
"2763";320,6988
"2764";320,7031
"2765";320,8163
"2766";321,057
"2767";321,1087
"2768";321,1204
"2769";321,1897
"2770";321,2367
"2771";321,658
"2772";321,833
"2773";321,8751
"2774";321,9028
"2775";322,0522
"2776";322,0569
"2777";322,1434
"2778";323,2617
"2779";323,4676
"2780";323,4803
"2781";323,7609
"2782";324,1603
"2783";324,1756
"2784";324,2793
"2785";324,3041
"2786";324,3077
"2787";324,3168
"2788";324,3859
"2789";324,5752
"2790";324,7482
"2791";324,7916
"2792";324,9431
"2793";324,95
"2794";325,0465
"2795";325,3216
"2796";325,3822
"2797";325,4923
"2798";325,8709
"2799";325,9118
"2800";326,1974
"2801";326,4267
"2802";326,793
"2803";327,0256
"2804";327,039
"2805";327,1179
"2806";327,1294
"2807";327,1421
"2808";327,1631
"2809";327,1644
"2810";327,1747
"2811";327,2268
"2812";327,2609
"2813";327,2661
"2814";327,5553
"2815";327,8469
"2816";327,924
"2817";327,9363
"2818";328,1081
"2819";328,1642
"2820";328,1893
"2821";328,2229
"2822";328,2542
"2823";328,2874
"2824";328,2987
"2825";328,3044
"2826";328,3499
"2827";328,4876
"2828";328,4941
"2829";328,5216
"2830";328,5793
"2831";328,6728
"2832";329,2612
"2833";329,352
"2834";329,3901
"2835";329,7127
"2836";329,867
"2837";330,0685
"2838";330,3106
"2839";330,3724
"2840";330,5168
"2841";330,5199
"2842";331,4927
"2843";331,5111
"2844";331,5138
"2845";331,5148
"2846";331,6272
"2847";331,8159
"2848";331,8579
"2849";331,9157
"2850";331,9873
"2851";332,2786
"2852";332,3024
"2853";332,3152
"2854";332,3239
"2855";332,3847
"2856";332,4496
"2857";332,5451
"2858";332,6767
"2859";332,7019
"2860";332,7234
"2861";333,4961
"2862";333,6441
"2863";333,7882
"2864";333,8031
"2865";333,907
"2866";334,2087
"2867";334,2607
"2868";334,3219
"2869";334,3247
"2870";334,3499
"2871";334,3716
"2872";334,3778
"2873";334,4197
"2874";334,4275
"2875";334,4285
"2876";334,4486
"2877";334,471
"2878";334,4851
"2879";334,4877
"2880";334,7476
"2881";335,3136
"2882";335,5039
"2883";335,5361
"2884";335,6023
"2885";335,6271
"2886";335,7268
"2887";335,9439
"2888";336,0376
"2889";336,1715
"2890";336,1797
"2891";336,3261
"2892";336,3677
"2893";336,3723
"2894";336,3887
"2895";336,4686
"2896";336,5397
"2897";336,8508
"2898";336,867
"2899";337,1441
"2900";337,1744
"2901";337,1905
"2902";337,2396
"2903";337,3613
"2904";337,5758
"2905";337,6138
"2906";337,6462
"2907";337,657
"2908";337,6632
"2909";337,6863
"2910";337,7133
"2911";338,144
"2912";338,2431
"2913";338,2624
"2914";338,2916
"2915";338,384
"2916";338,4744
"2917";338,7663
"2918";338,8559
"2919";338,9186
"2920";339,0691
"2921";339,0833
"2922";339,1397
"2923";339,1591
"2924";339,2392
"2925";339,336
"2926";339,3652
"2927";339,4966
"2928";339,5088
"2929";339,535
"2930";339,6539
"2931";339,6743
"2932";339,7001
"2933";339,9131
"2934";339,9835
"2935";340,0502
"2936";340,0882
"2937";340,1022
"2938";340,1263
"2939";340,6805
"2940";340,7816
"2941";340,8999
"2942";341,1536
"2943";341,2609
"2944";341,7437
"2945";341,7597
"2946";341,8461
"2947";341,8695
"2948";341,874
"2949";342,2218
"2950";342,3307
"2951";342,3397
"2952";342,3646
"2953";342,9163
"2954";343,4082
"2955";343,6493
"2956";343,679
"2957";343,6969
"2958";343,7231
"2959";343,7343
"2960";343,7842
"2961";343,7856
"2962";343,7872
"2963";343,9667
"2964";343,9697
"2965";344,2797
"2966";344,3413
"2967";344,3683
"2968";344,7937
"2969";344,7958
"2970";344,8494
"2971";344,884
"2972";344,8998
"2973";344,9697
"2974";344,9829
"2975";345,2589
"2976";345,3441
"2977";345,6165
"2978";345,6708
"2979";345,6826
"2980";345,8143
"2981";345,8372
"2982";345,8783
"2983";346,2074
"2984";346,3243
"2985";346,4081
"2986";346,4146
"2987";346,5692
"2988";346,8943
"2989";346,9368
"2990";347,015
"2991";347,0181
"2992";347,0204
"2993";347,1297
"2994";347,1505
"2995";347,2492
"2996";347,2562
"2997";347,4248
"2998";347,5477
"2999";347,6368
"3000";347,7266
"3001";347,8366
"3002";347,8906
"3003";348,047
"3004";348,0594
"3005";348,063
"3006";348,1436
"3007";348,1945
"3008";348,2152
"3009";348,326
"3010";348,6432
"3011";348,7782
"3012";348,9585
"3013";348,9966
"3014";349,0029
"3015";349,0244
"3016";349,2074
"3017";349,2653
"3018";349,6365
"3019";349,7197
"3020";350,1146
"3021";350,7667
"3022";350,8706
"3023";350,8798
"3024";350,9567
"3025";351,0609
"3026";351,0893
"3027";351,1145
"3028";351,1476
"3029";351,1796
"3030";351,1911
"3031";351,239
"3032";351,2443
"3033";351,3528
"3034";351,4528
"3035";351,4789
"3036";351,503
"3037";351,5784
"3038";351,5804
"3039";351,5908
"3040";351,6297
"3041";351,8096
"3042";351,9132
"3043";351,9477
"3044";352,0342
"3045";352,1423
"3046";352,4963
"3047";352,6148
"3048";352,8948
"3049";353,2177
"3050";353,2459
"3051";353,2473
"3052";353,3624
"3053";353,3846
"3054";353,3923
"3055";353,6836
"3056";353,7159
"3057";353,7981
"3058";353,8243
"3059";353,8463
"3060";353,9199
"3061";353,9223
"3062";353,9681
"3063";354,0045
"3064";354,1834
"3065";354,213
"3066";354,7485
"3067";354,7684
"3068";354,7756
"3069";354,8969
"3070";354,9293
"3071";354,937
"3072";355,1057
"3073";355,301
"3074";355,5409
"3075";355,627
"3076";355,6682
"3077";355,7853
"3078";355,8074
"3079";355,8336
"3080";356,3489
"3081";356,4327
"3082";356,6239
"3083";356,9159
"3084";356,9509
"3085";357,106
"3086";357,146
"3087";357,3232
"3088";357,554
"3089";357,5859
"3090";357,7091
"3091";357,8078
"3092";357,9195
"3093";358,061
"3094";358,1635
"3095";358,4593
"3096";358,4671
"3097";358,608
"3098";358,6266
"3099";358,6819
"3100";358,8314
"3101";358,8446
"3102";358,8475
"3103";359,0016
"3104";359,0304
"3105";359,4446
"3106";360,0816
"3107";360,0858
"3108";360,1051
"3109";360,1259
"3110";360,1414
"3111";360,2033
"3112";360,207
"3113";360,2319
"3114";360,2847
"3115";360,2902
"3116";360,3016
"3117";360,3155
"3118";360,4005
"3119";360,4193
"3120";360,6569
"3121";360,9872
"3122";361,1849
"3123";361,2241
"3124";361,2451
"3125";361,2903
"3126";361,3195
"3127";361,5343
"3128";361,5507
"3129";361,7776
"3130";361,8981
"3131";362,0799
"3132";362,1342
"3133";362,166
"3134";362,4698
"3135";362,522
"3136";362,5253
"3137";362,5439
"3138";362,6969
"3139";362,8098
"3140";363,0491
"3141";363,0535
"3142";363,0688
"3143";363,1468
"3144";363,2473
"3145";363,341
"3146";363,3615
"3147";363,7918
"3148";363,8026
"3149";363,9725
"3150";363,9977
"3151";364,3607
"3152";364,8479
"3153";365,4749
"3154";365,9291
"3155";366,0187
"3156";366,7937
"3157";366,8999
"3158";366,9979
"3159";367,0435
"3160";367,1832
"3161";367,2882
"3162";367,3399
"3163";367,3498
"3164";367,7736
"3165";367,7751
"3166";367,7897
"3167";367,9138
"3168";368,3859
"3169";368,5082
"3170";368,5513
"3171";368,6482
"3172";368,7832
"3173";368,9291
"3174";369,4792
"3175";369,4851
"3176";369,5062
"3177";369,5124
"3178";369,787
"3179";370,0237
"3180";370,1745
"3181";370,3831
"3182";370,5398
"3183";370,5438
"3184";370,5609
"3185";370,6418
"3186";370,6571
"3187";370,6687
"3188";370,7139
"3189";370,7325
"3190";370,7339
"3191";370,7594
"3192";370,7917
"3193";370,7929
"3194";371,0608
"3195";371,142
"3196";371,1485
"3197";371,1991
"3198";371,2432
"3199";371,2827
"3200";371,3287
"3201";371,3551
"3202";371,3586
"3203";371,3735
"3204";371,4361
"3205";371,4649
"3206";371,5342
"3207";372,3017
"3208";372,6752
"3209";372,7602
"3210";372,8536
"3211";372,9415
"3212";373,35
"3213";373,3534
"3214";373,3629
"3215";373,4123
"3216";373,425
"3217";373,6141
"3218";373,6242
"3219";373,6563
"3220";373,6576
"3221";373,7366
"3222";373,7562
"3223";373,8455
"3224";373,924
"3225";373,9326
"3226";373,9402
"3227";373,9865
"3228";373,9949
"3229";374,0032
"3230";374,182
"3231";374,3088
"3232";374,3289
"3233";374,8435
"3234";374,8813
"3235";374,9456
"3236";375,1798
"3237";375,5641
"3238";376,1019
"3239";376,5489
"3240";376,6256
"3241";376,6601
"3242";376,7551
"3243";376,7826
"3244";376,9882
"3245";376,9935
"3246";377,1806
"3247";377,2022
"3248";377,3386
"3249";377,6795
"3250";377,7743
"3251";377,7798
"3252";378,0275
"3253";378,0666
"3254";378,0769
"3255";378,0898
"3256";378,0968
"3257";378,2581
"3258";378,4732
"3259";378,5079
"3260";378,518
"3261";378,5481
"3262";378,5632
"3263";378,5923
"3264";378,6166
"3265";378,7304
"3266";379,0244
"3267";379,0448
"3268";379,0767
"3269";379,1776
"3270";379,1812
"3271";379,1859
"3272";379,2689
"3273";379,3715
"3274";379,3893
"3275";379,4656
"3276";379,5191
"3277";379,5326
"3278";379,6123
"3279";379,6259
"3280";379,7107
"3281";380,062
"3282";380,0872
"3283";380,3446
"3284";380,3645
"3285";380,387
"3286";380,4489
"3287";380,6078
"3288";380,983
"3289";381,3425
"3290";381,4803
"3291";381,4861
"3292";381,645
"3293";381,7353
"3294";382,0032
"3295";382,0752
"3296";382,1201
"3297";382,3661
"3298";382,5637
"3299";382,7606
"3300";383,0681
"3301";383,1682
"3302";383,2903
"3303";383,4338
"3304";383,4618
"3305";383,4897
"3306";383,5659
"3307";383,8911
"3308";383,8949
"3309";384,0876
"3310";384,2057
"3311";384,267
"3312";384,3058
"3313";384,3286
"3314";384,4529
"3315";384,554
"3316";385,0207
"3317";385,2006
"3318";385,2413
"3319";385,3601
"3320";385,4791
"3321";385,5353
"3322";385,8892
"3323";385,9372
"3324";385,9697
"3325";385,9737
"3326";386,1371
"3327";386,1672
"3328";386,2413
"3329";386,2631
"3330";386,8004
"3331";386,9505
"3332";387,0773
"3333";387,0791
"3334";387,0827
"3335";387,0856
"3336";387,1471
"3337";387,168
"3338";387,6856
"3339";387,7534
"3340";387,8995
"3341";387,9262
"3342";387,9591
"3343";388,12
"3344";388,2096
"3345";388,2291
"3346";388,2367
"3347";388,2827
"3348";388,3142
"3349";388,33
"3350";388,4908
"3351";388,539
"3352";388,5441
"3353";388,6034
"3354";388,8309
"3355";389,0091
"3356";389,0969
"3357";389,1086
"3358";389,1975
"3359";389,3354
"3360";389,3599
"3361";389,3629
"3362";389,3897
"3363";389,3955
"3364";389,5789
"3365";389,6148
"3366";389,6658
"3367";389,6866
"3368";389,7048
"3369";389,7422
"3370";389,7458
"3371";389,8605
"3372";389,9555
"3373";390,0676
"3374";390,331
"3375";390,3357
"3376";390,3878
"3377";390,3934
"3378";390,4656
"3379";390,4835
"3380";390,6669
"3381";390,9258
"3382";391,0112
"3383";391,0228
"3384";391,1553
"3385";391,2435
"3386";391,2538
"3387";392,2018
"3388";392,4495
"3389";392,7284
"3390";392,7498
"3391";392,7623
"3392";392,8915
"3393";393,1696
"3394";393,2618
"3395";393,3213
"3396";393,3298
"3397";393,4799
"3398";393,8381
"3399";393,9434
"3400";393,9467
"3401";394,2359
"3402";394,2831
"3403";394,3029
"3404";394,3738
"3405";394,3827
"3406";394,4762
"3407";394,4812
"3408";394,5104
"3409";394,5174
"3410";394,5718
"3411";395,0287
"3412";395,3731
"3413";395,442
"3414";395,4764
"3415";395,5119
"3416";395,5703
"3417";395,5765
"3418";395,6075
"3419";395,6176
"3420";395,6234
"3421";395,7031
"3422";395,7435
"3423";395,8066
"3424";395,8117
"3425";396,1014
"3426";396,4581
"3427";396,5852
"3428";396,6031
"3429";396,6163
"3430";396,6231
"3431";396,7146
"3432";396,7793
"3433";396,8013
"3434";396,8501
"3435";396,9287
"3436";396,9313
"3437";397,1263
"3438";397,429
"3439";397,484
"3440";397,8236
"3441";397,8405
"3442";397,8429
"3443";397,88
"3444";397,8821
"3445";397,9283
"3446";398,36
"3447";398,5853
"3448";398,6647
"3449";399,4185
"3450";399,5065
"3451";399,54
"3452";399,5768
"3453";399,5958
"3454";399,6531
"3455";399,6635
"3456";399,773
"3457";399,8555
"3458";399,8862
"3459";399,9872
"3460";400,719
"3461";400,9902
"3462";400,9964
"3463";401,0199
"3464";401,0818
"3465";401,1829
"3466";401,1926
"3467";401,2801
"3468";401,4816
"3469";401,488
"3470";401,6153
"3471";401,6815
"3472";402,1576
"3473";402,1843
"3474";402,2978
"3475";402,3795
"3476";402,4623
"3477";402,4701
"3478";402,4786
"3479";402,6803
"3480";402,7817
"3481";402,932
"3482";403,0048
"3483";403,0058
"3484";403,0397
"3485";403,054
"3486";403,1828
"3487";403,2665
"3488";403,3682
"3489";403,4469
"3490";403,4774
"3491";403,4926
"3492";403,7854
"3493";403,8662
"3494";403,9593
"3495";403,9839
"3496";404,0483
"3497";404,0832
"3498";404,1207
"3499";404,1351
"3500";404,2131
"3501";404,2446
"3502";404,4477
"3503";404,6861
"3504";404,7978
"3505";404,8907
"3506";405,0281
"3507";405,0415
"3508";405,0851
"3509";405,2617
"3510";405,3073
"3511";405,5659
"3512";405,5894
"3513";405,5965
"3514";405,6271
"3515";405,63
"3516";405,8238
"3517";405,9073
"3518";406,0559
"3519";406,1519
"3520";406,7923
"3521";406,7941
"3522";406,8215
"3523";406,853
"3524";406,9241
"3525";407,0119
"3526";407,0216
"3527";407,04
"3528";407,2299
"3529";407,297
"3530";407,5466
"3531";407,6455
"3532";407,6503
"3533";407,6678
"3534";407,6704
"3535";407,7028
"3536";407,7064
"3537";407,7226
"3538";408,0268
"3539";408,1318
"3540";408,1585
"3541";408,3061
"3542";408,4979
"3543";408,5331
"3544";408,6981
"3545";408,9386
"3546";408,949
"3547";409,2138
"3548";409,2591
"3549";409,3856
"3550";409,5117
"3551";409,6331
"3552";409,7092
"3553";409,7243
"3554";409,7327
"3555";409,8612
"3556";409,9096
"3557";410,6016
"3558";410,6393
"3559";410,6481
"3560";410,654
"3561";410,7483
"3562";410,8239
"3563";410,8428
"3564";410,9547
"3565";411,034
"3566";411,2797
"3567";411,3138
"3568";411,4911
"3569";411,5082
"3570";411,5583
"3571";412,0285
"3572";412,0949
"3573";412,155
"3574";412,2254
"3575";412,5275
"3576";412,7715
"3577";412,8638
"3578";412,9409
"3579";413,3444
"3580";413,3579
"3581";413,4083
"3582";413,4813
"3583";413,551
"3584";413,6458
"3585";413,8005
"3586";414,4089
"3587";414,6541
"3588";415,0965
"3589";415,1168
"3590";415,1468
"3591";415,1662
"3592";415,2052
"3593";415,6533
"3594";415,779
"3595";415,9223
"3596";416,1862
"3597";416,5634
"3598";416,7934
"3599";417,041
"3600";417,1855
"3601";417,2831
"3602";417,8265
"3603";417,8529
"3604";418,2007
"3605";418,2029
"3606";418,2049
"3607";418,2424
"3608";418,2679
"3609";418,2922
"3610";418,5116
"3611";418,5476
"3612";418,5906
"3613";418,594
"3614";418,6112
"3615";418,6409
"3616";418,7657
"3617";418,9151
"3618";418,9674
"3619";419,0104
"3620";419,2316
"3621";419,2559
"3622";419,3224
"3623";419,4974
"3624";419,5293
"3625";419,6984
"3626";419,7212
"3627";419,9067
"3628";420,2285
"3629";420,2403
"3630";420,2582
"3631";420,3137
"3632";420,5897
"3633";421,1847
"3634";421,5872
"3635";421,6301
"3636";421,751
"3637";421,8351
"3638";421,8586
"3639";421,907
"3640";421,9096
"3641";421,9255
"3642";421,9794
"3643";422,0554
"3644";422,2158
"3645";422,2547
"3646";422,2928
"3647";422,3841
"3648";422,6261
"3649";422,9584
"3650";423,2566
"3651";423,3877
"3652";423,4021
"3653";423,4115
"3654";423,4772
"3655";423,5279
"3656";423,581
"3657";423,5991
"3658";423,6791
"3659";423,8579
"3660";423,8824
"3661";423,9074
"3662";423,9912
"3663";424,0172
"3664";424,0222
"3665";424,0899
"3666";424,1104
"3667";424,1281
"3668";424,2673
"3669";424,4107
"3670";424,5521
"3671";424,6172
"3672";424,6289
"3673";424,9426
"3674";424,9849
"3675";425,0124
"3676";425,1025
"3677";425,1168
"3678";425,2103
"3679";425,2444
"3680";425,2596
"3681";425,2702
"3682";425,2834
"3683";425,2925
"3684";425,2981
"3685";425,3269
"3686";425,3682
"3687";425,7377
"3688";425,9755
"3689";426,097
"3690";426,1779
"3691";426,2318
"3692";426,2701
"3693";426,3977
"3694";426,6355
"3695";426,6848
"3696";426,7461
"3697";426,8028
"3698";427,2904
"3699";427,4148
"3700";427,442
"3701";427,5358
"3702";427,7219
"3703";427,7423
"3704";427,7586
"3705";427,8397
"3706";428,1099
"3707";428,1587
"3708";428,4757
"3709";428,5342
"3710";428,5671
"3711";428,7012
"3712";428,7069
"3713";428,7938
"3714";428,8529
"3715";428,8593
"3716";428,9718
"3717";429,0888
"3718";429,694
"3719";430,0968
"3720";430,3395
"3721";430,3903
"3722";430,3944
"3723";430,4145
"3724";430,4207
"3725";430,5003
"3726";430,7988
"3727";431,3492
"3728";431,3799
"3729";431,4878
"3730";431,5226
"3731";431,5281
"3732";431,7199
"3733";431,7773
"3734";431,784
"3735";431,7861
"3736";432,1143
"3737";432,1656
"3738";432,1694
"3739";432,1723
"3740";432,215
"3741";432,5191
"3742";432,5936
"3743";432,6527
"3744";432,6592
"3745";432,6621
"3746";432,7524
"3747";432,7631
"3748";433,4132
"3749";433,4689
"3750";433,5344
"3751";433,5493
"3752";433,6534
"3753";433,6628
"3754";433,8811
"3755";434,1916
"3756";434,3225
"3757";434,5511
"3758";434,557
"3759";434,572
"3760";434,6097
"3761";434,6488
"3762";434,9183
"3763";434,9464
"3764";435,7293
"3765";435,9159
"3766";436,009
"3767";436,0141
"3768";436,0335
"3769";436,1337
"3770";436,1603
"3771";436,1928
"3772";436,2581
"3773";436,4834
"3774";436,6653
"3775";436,7817
"3776";436,9448
"3777";437,2319
"3778";437,299
"3779";437,3032
"3780";437,3048
"3781";437,325
"3782";437,3451
"3783";437,9166
"3784";437,9482
"3785";438,0529
"3786";438,0803
"3787";438,155
"3788";438,2282
"3789";438,2496
"3790";438,2744
"3791";438,2801
"3792";438,5368
"3793";438,6586
"3794";438,6953
"3795";438,8044
"3796";438,8372
"3797";439,2347
"3798";439,2452
"3799";439,5982
"3800";439,8042
"3801";439,8597
"3802";439,8735
"3803";439,8955
"3804";439,9796
"3805";439,9959
"3806";440,2094
"3807";440,2171
"3808";440,2278
"3809";440,2437
"3810";440,2777
"3811";440,2892
"3812";440,3298
"3813";440,4117
"3814";440,464
"3815";440,5215
"3816";440,7309
"3817";440,8514
"3818";441,2251
"3819";441,2707
"3820";441,3101
"3821";441,4556
"3822";441,8413
"3823";441,8555
"3824";441,869
"3825";441,9371
"3826";442,0166
"3827";442,0694
"3828";442,0869
"3829";442,3518
"3830";442,4629
"3831";442,4718
"3832";442,5532
"3833";442,8127
"3834";443,0166
"3835";443,1623
"3836";443,1839
"3837";443,2193
"3838";443,2461
"3839";443,441
"3840";443,4922
"3841";443,9952
"3842";444,131
"3843";444,1508
"3844";444,2246
"3845";444,2545
"3846";444,3407
"3847";444,6558
"3848";444,6913
"3849";444,8156
"3850";444,8951
"3851";444,9072
"3852";444,9147
"3853";444,9187
"3854";445,1368
"3855";445,222
"3856";445,2451
"3857";445,2932
"3858";445,3529
"3859";445,3542
"3860";445,5096
"3861";445,7381
"3862";445,7657
"3863";445,8
"3864";445,8148
"3865";445,9852
"3866";446,0094
"3867";446,2326
"3868";446,4279
"3869";446,4662
"3870";446,553
"3871";446,9909
"3872";447,11
"3873";447,3532
"3874";447,5191
"3875";447,7105
"3876";447,7613
"3877";447,8174
"3878";447,8339
"3879";447,93
"3880";448,6007
"3881";448,6133
"3882";448,6434
"3883";449,2599
"3884";449,3261
"3885";449,3943
"3886";449,4138
"3887";449,476
"3888";449,7802
"3889";449,8039
"3890";449,8108
"3891";450,0747
"3892";450,2263
"3893";450,2525
"3894";450,4695
"3895";450,9399
"3896";451,0341
"3897";451,0444
"3898";451,0797
"3899";451,0953
"3900";451,1306
"3901";451,2129
"3902";451,3157
"3903";452,0659
"3904";452,1445
"3905";452,3849
"3906";452,6615
"3907";452,8258
"3908";452,9441
"3909";453,0406
"3910";453,1378
"3911";453,1585
"3912";453,8061
"3913";453,8203
"3914";453,8218
"3915";453,8229
"3916";453,8724
"3917";453,9643
"3918";454,5867
"3919";454,6034
"3920";454,716
"3921";454,8383
"3922";454,907
"3923";455,1325
"3924";455,2386
"3925";455,246
"3926";455,2858
"3927";455,4993
"3928";455,6435
"3929";455,7471
"3930";455,7623
"3931";455,767
"3932";455,8232
"3933";455,849
"3934";456,3424
"3935";456,3745
"3936";456,8842
"3937";456,9166
"3938";456,9197
"3939";456,9418
"3940";456,9458
"3941";457,0393
"3942";457,5624
"3943";457,6847
"3944";457,8053
"3945";457,8454
"3946";457,8615
"3947";458,0343
"3948";458,1559
"3949";458,2526
"3950";458,2807
"3951";458,4125
"3952";458,5413
"3953";458,8284
"3954";459,2692
"3955";459,2783
"3956";459,2875
"3957";459,3189
"3958";459,3904
"3959";459,4004
"3960";459,4142
"3961";459,4488
"3962";459,5631
"3963";459,5855
"3964";459,5923
"3965";460,041
"3966";460,1372
"3967";460,1669
"3968";460,594
"3969";460,6105
"3970";460,6574
"3971";460,9053
"3972";460,9745
"3973";461,2547
"3974";461,3403
"3975";461,4383
"3976";461,4786
"3977";461,4903
"3978";461,5669
"3979";461,6411
"3980";461,8209
"3981";461,8481
"3982";461,8804
"3983";462,1345
"3984";462,5338
"3985";462,6837
"3986";462,7557
"3987";462,9537
"3988";463,0597
"3989";463,1562
"3990";463,1789
"3991";463,2564
"3992";463,3438
"3993";463,3821
"3994";463,9015
"3995";464,0517
"3996";464,1268
"3997";464,3316
"3998";464,3418
"3999";464,3872
"4000";464,4035
"4001";464,5217
"4002";464,5252
"4003";464,6639
"4004";464,8961
"4005";464,9894
"4006";465,1376
"4007";465,2238
"4008";465,4308
"4009";465,6156
"4010";465,7538
"4011";465,7959
"4012";465,8335
"4013";465,9381
"4014";466,0079
"4015";466,0707
"4016";466,1168
"4017";466,1348
"4018";466,1714
"4019";466,1901
"4020";466,2934
"4021";466,2996
"4022";466,3456
"4023";466,3633
"4024";466,4092
"4025";466,4149
"4026";466,4435
"4027";466,4526
"4028";466,4682
"4029";466,5062
"4030";466,5272
"4031";466,5628
"4032";467,0384
"4033";467,0594
"4034";467,0947
"4035";467,1169
"4036";467,2546
"4037";467,2809
"4038";467,5442
"4039";467,5797
"4040";467,6188
"4041";467,6822
"4042";467,7226
"4043";467,7633
"4044";467,7647
"4045";467,7687
"4046";467,7886
"4047";467,8285
"4048";467,8539
"4049";467,8678
"4050";467,9001
"4051";467,9176
"4052";468,2415
"4053";468,2501
"4054";468,4011
"4055";468,4052
"4056";468,444
"4057";468,4646
"4058";468,5027
"4059";468,5158
"4060";468,5298
"4061";468,6078
"4062";468,6246
"4063";468,6588
"4064";469,0598
"4065";469,1248
"4066";469,1327
"4067";469,3233
"4068";469,5246
"4069";469,5623
"4070";469,6586
"4071";469,6655
"4072";469,7662
"4073";469,9654
"4074";469,9686
"4075";469,9882
"4076";470,023
"4077";470,0319
"4078";470,0359
"4079";470,0636
"4080";470,0662
"4081";470,2994
"4082";470,4281
"4083";470,5437
"4084";471,6295
"4085";471,6397
"4086";471,7
"4087";471,8393
"4088";472,1656
"4089";472,2506
"4090";472,2526
"4091";472,3057
"4092";472,3277
"4093";472,3308
"4094";472,3772
"4095";472,5222
"4096";472,6475
"4097";472,6546
"4098";472,6693
"4099";472,6865
"4100";472,7535
"4101";472,7576
"4102";472,8086
"4103";472,8139
"4104";472,9423
"4105";472,9629
"4106";472,9943
"4107";473,0219
"4108";473,3331
"4109";473,3555
"4110";473,3612
"4111";473,3645
"4112";473,4076
"4113";473,5702
"4114";473,5842
"4115";473,7879
"4116";473,8316
"4117";473,8617
"4118";473,8704
"4119";474,0305
"4120";474,0483
"4121";474,1491
"4122";474,1679
"4123";474,1808
"4124";474,5298
"4125";474,5696
"4126";474,719
"4127";474,9255
"4128";474,9809
"4129";475,0221
"4130";475,2093
"4131";475,4472
"4132";475,4498
"4133";475,4821
"4134";475,5063
"4135";475,5142
"4136";475,7654
"4137";475,8025
"4138";475,8293
"4139";476,0554
"4140";476,123
"4141";476,1951
"4142";476,2075
"4143";476,2274
"4144";476,3696
"4145";476,4894
"4146";476,7564
"4147";476,7625
"4148";476,8208
"4149";476,8441
"4150";476,8471
"4151";477,2018
"4152";477,2284
"4153";477,2632
"4154";477,3917
"4155";477,4353
"4156";477,4667
"4157";477,676
"4158";477,6805
"4159";477,6837
"4160";477,7047
"4161";477,7614
"4162";477,8265
"4163";477,8584
"4164";478,3826
"4165";478,3915
"4166";478,6594
"4167";478,7657
"4168";478,8602
"4169";479,5088
"4170";479,5205
"4171";479,5782
"4172";479,7477
"4173";479,9642
"4174";480,0797
"4175";480,1752
"4176";480,1793
"4177";480,2044
"4178";480,4357
"4179";480,4749
"4180";480,5109
"4181";480,5371
"4182";480,5409
"4183";480,5469
"4184";480,5529
"4185";480,7927
"4186";480,8264
"4187";480,8441
"4188";480,8543
"4189";480,8858
"4190";481,1226
"4191";481,4146
"4192";481,4516
"4193";481,4692
"4194";481,4768
"4195";482,0597
"4196";482,0973
"4197";482,135
"4198";482,2162
"4199";482,3696
"4200";482,4027
"4201";482,4132
"4202";482,4172
"4203";482,4467
"4204";482,5744
"4205";482,6136
"4206";482,7093
"4207";482,7474
"4208";482,8622
"4209";483,5478
"4210";483,7679
"4211";483,8632
"4212";484,2966
"4213";484,528
"4214";484,6361
"4215";485,4253
"4216";485,4744
"4217";485,5898
"4218";485,6062
"4219";485,682
"4220";485,9069
"4221";486,6921
"4222";486,9815
"4223";487,1086
"4224";487,1183
"4225";487,1348
"4226";487,1772
"4227";488,1805
"4228";488,2342
"4229";488,2366
"4230";488,2713
"4231";488,4518
"4232";488,474
"4233";488,5159
"4234";488,5194
"4235";488,5858
"4236";489,0076
"4237";489,0486
"4238";489,0504
"4239";489,0692
"4240";489,0742
"4241";489,1184
"4242";489,4047
"4243";489,4221
"4244";489,5857
"4245";489,7818
"4246";489,8254
"4247";489,8536
"4248";489,8931
"4249";489,9361
"4250";490,0448
"4251";490,3362
"4252";490,5547
"4253";490,6233
"4254";490,6548
"4255";490,7838
"4256";490,8048
"4257";491,182
"4258";491,2755
"4259";491,2796
"4260";491,3448
"4261";491,3713
"4262";491,4297
"4263";491,7335
"4264";491,815
"4265";491,877
"4266";491,9707
"4267";492,0052
"4268";492,1074
"4269";492,1106
"4270";492,1287
"4271";492,1696
"4272";492,4958
"4273";492,6352
"4274";492,6956
"4275";492,7139
"4276";492,7471
"4277";492,8646
"4278";492,9263
"4279";492,9812
"4280";493,1066
"4281";493,6985
"4282";493,7478
"4283";493,8694
"4284";494,3256
"4285";494,4449
"4286";494,5456
"4287";494,5531
"4288";494,5561
"4289";494,8717
"4290";495,1176
"4291";495,2094
"4292";495,2555
"4293";495,296
"4294";495,5286
"4295";495,5633
"4296";495,906
"4297";495,9405
"4298";495,9842
"4299";496,0064
"4300";496,1344
"4301";496,1584
"4302";496,1681
"4303";496,206
"4304";496,4039
"4305";496,5607
"4306";497,3991
"4307";497,5231
"4308";497,5246
"4309";497,5806
"4310";497,6088
"4311";497,6575
"4312";497,9863
"4313";498,0971
"4314";498,1746
"4315";498,1863
"4316";498,225
"4317";498,244
"4318";498,2802
"4319";498,3652
"4320";498,5804
"4321";498,6344
"4322";498,643
"4323";498,6892
"4324";498,6954
"4325";498,7137
"4326";498,7219
"4327";498,797
"4328";499,1525
"4329";499,2049
"4330";499,3599
"4331";499,7523
"4332";499,9707
"4333";499,995
"4334";500,0394
"4335";500,0685
"4336";500,4087
"4337";500,438
"4338";500,5011
"4339";500,5451
"4340";500,6241
"4341";500,6304
"4342";500,6558
"4343";500,6593
"4344";500,8858
"4345";500,9081
"4346";501,1076
"4347";501,1494
"4348";501,2308
"4349";501,2434
"4350";501,655
"4351";501,6808
"4352";501,6851
"4353";501,8643
"4354";501,8866
"4355";501,961
"4356";502,0569
"4357";502,2401
"4358";502,2846
"4359";502,4397
"4360";502,9906
"4361";503,035
"4362";503,1445
"4363";503,2244
"4364";503,4595
"4365";503,5226
"4366";503,7037
"4367";503,8028
"4368";504,2283
"4369";504,257
"4370";504,2612
"4371";504,29
"4372";504,3071
"4373";504,3492
"4374";504,5515
"4375";504,5926
"4376";504,74
"4377";504,8503
"4378";504,9565
"4379";504,9638
"4380";505,7988
"4381";505,8172
"4382";505,8981
"4383";505,903
"4384";505,9351
"4385";505,9958
"4386";506,0898
"4387";506,0975
"4388";506,187
"4389";506,2102
"4390";506,243
"4391";506,5684
"4392";506,5704
"4393";506,6113
"4394";506,6638
"4395";506,6927
"4396";506,723
"4397";506,7866
"4398";506,7877
"4399";506,8668
"4400";507,0529
"4401";507,0813
"4402";507,0858
"4403";507,2143
"4404";507,5335
"4405";507,6608
"4406";507,7045
"4407";507,9028
"4408";507,9155
"4409";507,9203
"4410";507,923
"4411";507,9395
"4412";508,1098
"4413";508,7191
"4414";508,7319
"4415";508,7385
"4416";508,8043
"4417";508,9117
"4418";509,6124
"4419";509,6181
"4420";509,7634
"4421";509,7677
"4422";509,8053
"4423";509,9463
"4424";510,1939
"4425";510,4805
"4426";510,9936
"4427";511,0822
"4428";511,1179
"4429";511,1726
"4430";511,3045
"4431";511,3528
"4432";511,452
"4433";511,5105
"4434";511,764
"4435";511,9048
"4436";511,9255
"4437";511,9402
"4438";511,9452
"4439";512,0509
"4440";512,6371
"4441";512,6458
"4442";512,7226
"4443";512,7516
"4444";512,7641
"4445";512,8494
"4446";512,9336
"4447";512,964
"4448";513,063
"4449";513,0841
"4450";513,1087
"4451";513,1587
"4452";513,3987
"4453";513,4794
"4454";513,6363
"4455";513,6634
"4456";513,7163
"4457";513,9666
"4458";514,4781
"4459";514,4964
"4460";514,7183
"4461";514,7724
"4462";515,1795
"4463";515,5161
"4464";515,5372
"4465";515,6814
"4466";515,6996
"4467";515,7781
"4468";515,891
"4469";515,916
"4470";515,9259
"4471";515,9812
"4472";515,9838
"4473";516,0099
"4474";516,0987
"4475";516,1932
"4476";516,1972
"4477";516,4322
"4478";516,5781
"4479";516,9763
"4480";517,198
"4481";517,3828
"4482";517,5536
"4483";517,8099
"4484";517,8498
"4485";518,0647
"4486";518,2586
"4487";518,4296
"4488";518,4861
"4489";518,543
"4490";518,8729
"4491";519,0016
"4492";519,0097
"4493";519,1506
"4494";519,1535
"4495";519,1588
"4496";519,278
"4497";519,5606
"4498";519,6078
"4499";519,6474
"4500";519,6598
"4501";519,7278
"4502";519,773
"4503";519,7962
"4504";519,8507
"4505";520,0454
"4506";520,227
"4507";520,5242
"4508";520,6706
"4509";520,7231
"4510";520,7593
"4511";520,7881
"4512";521,265
"4513";521,3874
"4514";521,7066
"4515";521,753
"4516";522,272
"4517";522,3651
"4518";522,4077
"4519";522,4834
"4520";522,4932
"4521";522,7519
"4522";523,1166
"4523";523,1283
"4524";523,1355
"4525";523,137
"4526";523,1773
"4527";523,3532
"4528";523,7793
"4529";523,8584
"4530";524,0219
"4531";524,343
"4532";524,3686
"4533";524,3717
"4534";524,3785
"4535";524,477
"4536";524,5067
"4537";524,5142
"4538";524,5691
"4539";524,6323
"4540";524,6353
"4541";524,8516
"4542";524,8552
"4543";525,0097
"4544";525,0394
"4545";525,1136
"4546";525,1572
"4547";525,2874
"4548";525,8802
"4549";526,1388
"4550";526,1433
"4551";526,4646
"4552";526,6974
"4553";526,7517
"4554";526,8188
"4555";526,8225
"4556";526,8558
"4557";526,8572
"4558";526,9141
"4559";526,9756
"4560";527,2809
"4561";527,3282
"4562";527,3734
"4563";527,3924
"4564";527,609
"4565";527,6776
"4566";527,6883
"4567";527,6916
"4568";527,8012
"4569";527,8792
"4570";527,9433
"4571";527,964
"4572";527,9808
"4573";527,9882
"4574";528,4368
"4575";528,4651
"4576";528,503
"4577";528,5141
"4578";528,5894
"4579";528,6341
"4580";528,7356
"4581";528,8164
"4582";529,0712
"4583";529,1195
"4584";529,1885
"4585";529,2321
"4586";529,3811
"4587";529,487
"4588";529,4894
"4589";529,5244
"4590";529,5398
"4591";529,8937
"4592";529,9592
"4593";530,0045
"4594";530,1874
"4595";530,2093
"4596";530,2698
"4597";530,4239
"4598";531,0948
"4599";531,45
"4600";531,4851
"4601";531,5037
"4602";531,7002
"4603";531,8009
"4604";531,8175
"4605";531,8846
"4606";531,9423
"4607";531,9905
"4608";532,0739
"4609";532,0962
"4610";532,1775
"4611";532,2656
"4612";532,328
"4613";532,3422
"4614";532,3938
"4615";532,4338
"4616";532,4652
"4617";532,468
"4618";532,8151
"4619";532,8881
"4620";532,9107
"4621";533,0055
"4622";533,1663
"4623";533,4994
"4624";533,9628
"4625";534,6712
"4626";534,6723
"4627";534,7168
"4628";534,8464
"4629";534,8496
"4630";534,8701
"4631";535,033
"4632";535,0724
"4633";536,1522
"4634";536,575
"4635";536,582
"4636";536,628
"4637";536,6775
"4638";537,9159
"4639";537,9984
"4640";538,2912
"4641";538,4594
"4642";538,4959
"4643";538,5912
"4644";538,6227
"4645";538,672
"4646";538,8277
"4647";538,8968
"4648";538,9035
"4649";539,0327
"4650";539,0924
"4651";539,1075
"4652";539,1227
"4653";539,3008
"4654";539,5306
"4655";539,5518
"4656";539,6638
"4657";539,7599
"4658";539,8631
"4659";540,1783
"4660";540,2129
"4661";540,3407
"4662";540,3713
"4663";540,3739
"4664";540,4088
"4665";540,4649
"4666";540,512
"4667";540,5461
"4668";540,5708
"4669";540,8337
"4670";540,8839
"4671";541,2224
"4672";541,5724
"4673";541,5951
"4674";541,6073
"4675";541,6273
"4676";541,7246
"4677";541,8622
"4678";541,9794
"4679";542,1513
"4680";542,5229
"4681";542,6966
"4682";542,7849
"4683";542,8881
"4684";543,0959
"4685";543,2093
"4686";543,7962
"4687";543,8652
"4688";543,9016
"4689";543,9349
"4690";544,0469
"4691";544,0952
"4692";544,316
"4693";544,6906
"4694";544,8393
"4695";545,5912
"4696";545,6266
"4697";545,6468
"4698";545,649
"4699";545,7088
"4700";545,7461
"4701";545,9409
"4702";546,0326
"4703";546,0559
"4704";546,187
"4705";546,2166
"4706";546,2957
"4707";546,5894
"4708";546,964
"4709";546,9735
"4710";547,069
"4711";547,0735
"4712";547,1405
"4713";547,2159
"4714";547,5002
"4715";547,6475
"4716";547,8159
"4717";547,908
"4718";547,9312
"4719";547,9723
"4720";547,9966
"4721";548,0331
"4722";548,1182
